principal_name_En,nationality,city,agency_type,status,activity,date
Quam srl,ايطالي,الدمام,وكالة تجارية,قائمة,"
منتجات الموكل من صمامات  مختلفة الاحجام والمقاسات للاستخدامات البترولية",2020
Baicon sdn . nhd,ماليزي,الدمام,وكالة توزيع,قائمة,"( منتجات الموكل من الادوية الصيدلانية ( أنسولين جلارجين ) وفق العقد )
",2020
Skin jam general trading,اماراتي,الدمام,وكالة امتياز,قائمة,"(فتح وتشغيل محلات لبيع الآيس كريم, القهوة, الشاء, السكر, الأرز, التابيوكا, الطحين, المعجنات, الحلويات, .....إلخ بالعلامة التجارية (Gelato Divino).",2020
Epygen labs fz -llc,اماراتي,الدمام,وكالة تجارية,قائمة,(منتجات الموكل من الأنزيمات الكيميائية الخاصة بصناعة النفط والغاز),2020
Cazador tekstil san ve tic as,تركي,الدمام,وكالة تجارية,قائمة,"(منتجات الموكل من المنسوجات والملابس والاحذية التي تحمل العلامة التجارية "" CِAZADOR "" 
",2020
Shandong dongxin chemical industrial co ltd,الصين الشعبيه,الدمام,وكالة تجارية,قائمة,بروميد الكالسيوم وبروميد الصوديوم وبروميد الزنك وسائل مختلط وكلوريد الكالسيوم,2020
Pt madani lestari,اندونيسي,الدمام,وكالة تجارية,قائمة,بيع منتجات الموكل من المواد الكيميائية الخاصة بحفر ابار النفط حسب الملحق (أ) من العقد,2020
Well-sense technology limited,اسكتلندا,الدمام,وكالة توزيع,قائمة,تقدم خدمات نيابة عن الموكل في مجال صيانة ابار النفط والغاز,2020
Stockholm precision tools,سويديه,الدمام,وكالة خدمات,قائمة,تقديم الخدمات نيابة عن الموكل تشغيل وتركيب ادوات ويبستوك الدوارة للحفر,2020
Stockholm precision tools,سويديه,الدمام,وكالة تجارية,قائمة,منتجات الموكل من معدات وأدوات حفر ابار النفط والغاز,2020
St electronics (info-security) pte.ltd.,سنغافوريه,الدمام,وكالة خدمات,قائمة,تقديم الخدمات نيابة عن الموكل في مجال أمن المعلومات و تشمل حلول عبر المجال تتكون من احاديات الاتجاه و الثنائيات و سلسلة DigisAFE الصمام الثنائي للبيانات و تركيب و تشغيل و تكميل سلسلة DigisAFE الصمام الثنائي للبيانات,2020
3x engineering,موناكويه,الدمام,وكالة خدمات,قائمة,"تقديم الخدمات نيابة عن الموكل في مجال إجراءات التركيب ومراقبة الجودة والتعبئة والحلول المبتكرة لأعمال إصلاح الصيانة غير المعدنية حسب العقد
",2020
Ev offshore ltd,بريطاني,الدمام,وكالة خدمات,قائمة,تقديم الخدمات نيابة عن الموكل في مجال التحليلات البصرية والتفسير الخاصة بحقول النفط,2020
Target lntervention as norway,نرويجيه,الدمام,وكالة خدمات,قائمة,تقديم الخدمات نيابة عن الموكل في مجال تطوير حلول متخصصة لأدوات الحفر الخاصة بصناعة النفط والغاز).,2020
Limited liability company scientific and production enterprise burintekh,روسيه,الدمام,وكالة خدمات,قائمة,تقديم الخدمات نيابة عن الموكل في مجال تقنية الموجه الهيدرولي في  حفر الابار والنفط والغاز وانظمة اخراج غلاف الانابيب والوصلة البينية البرمجية ولولبة الوصلات الكتفية ولقم الكريستال الالماسي PDC واللقم الالماسية واللقم الدوارة .,2020
"Saexploration, inc.",امريكي,الدمام,وكالة خدمات,قائمة,تقديم الخدمات نيابة عن الموكل في مجال جمع البيانات الزلزالية السحاحلية,2020
Borr drilling management dmcc,اماراتي,الدمام,وكالة خدمات,قائمة,تقديم الخدمات نيابة عن الموكل في مجال حفر اَبار النفط والغاز البرية والبحرية,2020
Ct specialized downhole,امريكي,الدمام,وكالة خدمات,قائمة,تقديم الخدمات نيابة عن الموكل في مجال حفر وصيانة ابار النفط والغاز,2020
Cnpc bohai drilling engineering company limted,الصين الشعبيه,الدمام,وكالة خدمات,قائمة,تقديم الخدمات نيابة عن الموكل في مجال حقل آبار النفط.,2020
Syntex engineering services ltd,بريطاني,الدمام,وكالة توزيع,قائمة,تقديم الخدمات نيابة عن الموكل في مجال فحص و صيانة معدات صناعة الزيت والغاز والطاقة والصناعة,2020
Doedijns b.v.,هولندي,الدمام,وكالة خدمات,قائمة,"تقديم الخدمات نيابة عن الموكل في مجال نظم أخذ العينات للزيت والغاز واخذ عينات السوائل والغازات في خطوط الانابيب .
",2020
Valvetight bv,هولندي,الدمام,وكالة تجارية,قائمة,تقديم خدمات نيابة عن الموكل في مجال تقنية مانع التسرب للصمامات وصيانتها,2020
Viking completion technology,اماراتي,الدمام,وكالة خدمات,قائمة,تقديم خدمات نيابة عن الموكل في مجال صناعة حقول النفط والغاز الطبيعي,2020
Bond coat inc,امريكي,الدمام,وكالة خدمات,قائمة,تقديم خدمات نيابة عن الموكل في مجال صيانة انابيب النفط والغاز والمعدات البترولية والصناعة,2020
Naftoserwse. sp. zo. .o,بولندي,الدمام,وكالة توزيع,قائمة,تقديم خدمات نيابة عن الموكل في مجال صيانة وفحص وتنظيف انابيب وخزانات البترول,2020
Pipeline technique ltd.,اسكتلندا,الدمام,وكالة خدمات,قائمة,"تقديم خدمات نيابة عن الموكل في مجال صيانة ولحام وطلاء انابيب الغاز والبترول
",2020
Integrated wellhead services,بحريني,الدمام,وكالة خدمات,قائمة,تقديم خدمات نيابة عن الموكل في مجال لحام قمصان رؤوس الابار  والتنقيب و حفر ابار النفط والغاز,2020
Industrial scientific,امريكي,الدمام,وكالة توزيع,قائمة,عقد توريد وتوزيع وصيانة,2020
"Khokh we meshmesh refreshment, light snakes & ice cream co",كويتي,الدمام,وكالة امتياز,قائمة,"فتح سلسلة من المحلات لتقديم المأكولات الخفيفة والآيسكريم (تحت علامة تجارية ""خوخ ومشمش"")",2020
Tasters choice s p c,بحريني,الدمام,وكالة توزيع,قائمة,فتح محل لتقديم الوجبات السريعة  بعلامة تجارية ( شيكي ووك -  CHICKY WOK),2020
Vilmar sa,رومانيه,الدمام,وكالة تجارية,قائمة,متنجات الموكل من فلنجات ووصلات الانابيب وقطع غيارها حسب العقد,2020
Peter brotherhood,بريطاني,الدمام,وكالة توزيع,قائمة,"منتاجات الموكل معدات والآلات البخارية والكمبريسورات الغازية والتور بينات وقطع غيارها 
",2020
Ashida electronics pvt. ltd,هندي,الدمام,وكالة توزيع,قائمة,منتجات الشركة الموكلة من أجهزة تحكم وحماية المنظومات الكهربائية,2020
Chhenna corporation,هندي,الدمام,وكالة توزيع,قائمة,"منتجات الموكل : المخطط الكهربائي للقلب , الأجنه , تي أم تي , اوراق اختبار الاجهاد ,الجل الخاص بالمخطط الكهربائي للقلب , الموجات فوق الصوتيه",2020
Yuxian jingangyu fracturing proppant co.ltd,الصين الشعبيه,الدمام,وكالة توزيع,قائمة,منتجات الموكل دعامات من السيراميك المستخدمة في حفر ابار النفط والغاز  وقطع غيارها,2020
Ipp accura supply ltd,بريطاني,الدمام,وكالة تجارية,قائمة,منتجات الموكل صمامات الأمان مختلفة الاحجام والمقاسات,2020
Flow control technologies,فرنسي,الدمام,وكالة توزيع,قائمة,منتجات الموكل صمامات مختلفة الاحجام والمقاسات,2020
Pipeline development company,امريكي,الدمام,وكالة تجارية,قائمة,"منتجات الموكل في الوصلات والفلنجات وموانع التسرب والسدادات

",2020
Downhole & design international corporation,امريكي,الدمام,وكالة توزيع,قائمة,"منتجات الموكل معدات ضد الانتفاخ, صمامات إعاده الضغط, أنابيب تفريغ الخ",2020
Magnetrol international n.v,بلجيكي,الدمام,وكالة توزيع,قائمة,منتجات الموكل من  معدات والآت و أدوات تحكم والقياس .,2020
Kimman procces solutions b.v,هولندي,الدمام,وكالة تجارية,قائمة,منتجات الموكل من : معدات وأجهزة لأخذ عينات الغاز أتوماتيكياً،معدات وأجهزة لأخذ عينات بالمزج النفثي ،معدات وأجهزة لأخذ عينات انشطوية سريعه ،معدات وأجهزة لأخذ عينات مسبارية,2020
Geoprotech international fzc,اماراتي,الدمام,وكالة توزيع,قائمة,منتجات الموكل من آلات الحفر عالية السرعة وذات العزم عالي الدوران لنشر الانابيب ومعدات الحفر الآلية الهيدروليكية والثابتة متعددة الحلقات وذات العزم المنخفض حسب العقد,2020
"Shenzhen new industries biomedical engineering co., ltd",الصين الشعبيه,الدمام,وكالة تجارية,قائمة,منتجات الموكل من أجهزة المختبرات المعملية والكواشف المخبرية والكنترولات والمحاليل المعايرة وقطع غيارها حسب العقد,2020
Vega techniques sas,فرنسي,الدمام,وكالة توزيع,قائمة,منتجات الموكل من أجهزة وأدوات قياس منسوب وضغط الزيت وقطع غيارها,2020
Elevate oral care,امريكي,الدمام,وكالة توزيع,قائمة,منتجات الموكل من أجهزة وأدوات ومستلزمات طبية للأسنان,2020
Ion exchange (india) limited,هندي,الدمام,وكالة تجارية,قائمة,منتجات الموكل من أجهزة ومعدات محطات معالجة المياه والكيماويات وقطع الغيار والاكسسوارات و المواد الكيميائية لمعالجة المياه في التدفئة والتهوية وتكييف الهواء والصناعات,2020
The wellboss lls,امريكي,الدمام,وكالة توزيع,قائمة,منتجات الموكل من أدوات و أجهزة لحفر آبار النفط والغاز,2020
Industrial scientific france sas,امريكي,الدمام,وكالة توزيع,قائمة,"منتجات الموكل من أدوات وأجهزة قياس الغاز والنفط وقطع غيارها 

",2020
Romar international linited,بريطاني,الدمام,وكالة تجارية,قائمة,منتجات الموكل من أدوات ومعدات صناعية وبترولية لاستخراج النفط والغاز,2020
Changzhou kanghui medical innovation co ltd,الصين الشعبيه,الدمام,وكالة توزيع,قائمة,منتجات الموكل من أدوات ومعدات ومواد طبية لمعالجة الكسور حسب العقد,2020
Refex sensors ltd,ايرلندي,الدمام,وكالة توزيع,قائمة,منتجات الموكل من أقطاب كهربائية وخلايا التدفق والحوامل و عدادات وملحقاتها,2020
"Cnps petro equipment co,ltd",الصين الشعبيه,الدمام,وكالة تجارية,قائمة,"منتجات الموكل من أنابيب الألياف الزجاجية وأنابيب التصفية والترشيح وملحقاتها الخاصة بصناعة النفط والغاز .
",2020
Forney corporation,امريكي,الدمام,وكالة توزيع,قائمة,منتجات الموكل من أنظمة إدارة الموقد - BMS بما في ذلك الكشف عن اللهب والمواد المسببة للاشتعال، إلى جانب أي معدات مساعدة. مواقد مجاري الهواء- مواقد مجاري فورني ولوازمها بما في ذلك مواقد الغاز، والفحم، والزيت. منتجات المثبط وملحقاته - وصلات التمدد وأختام سخان الهواء وأبواب الدخول.,2020
Spectra  logic  europe  ltd,بريطاني,الدمام,وكالة تجارية,قائمة,منتجات الموكل من اجهزة الكمبيوتر واشرطة المكتبات والبرمجيات وبرنامج ادارة البيانات وبرامج ادارة الاجهزة وقطع غيارها واكسسواراتها,2020
"Fsi holdings, llc",امريكي,الدمام,وكالة تجارية,قائمة,منتجات الموكل من اجهزة ومعدات والات وانظمة تدوير النفايات,2020
Seatrax uk ltd.,بريطاني,الدمام,وكالة توزيع,قائمة,"منتجات الموكل من ادوات النقل الثقيل و أنظمتها وقطع غيارها 
",2020
"Probe technologies holdings,inc",امريكي,الدمام,وكالة تجارية,قائمة,منتجات الموكل من ادوات قياس سلامة البئر ، ادوات قياس المضخة الغاطسة ، اجهزة مراقبة البئر ، ادوات قياس السماكة الكهرومغنطيسية وادوات المعايرة متعددة الذراع.,2020
Archer well services (saudi arabia) limited,بريطاني,الدمام,وكالة تجارية,قائمة,منتجات الموكل من ادوات ومعدات البترولية حسب الملحق المرفق,2020
Armstrong international,بلجيكي,الدمام,وكالة توزيع,قائمة,منتجات الموكل من ادوات ومعدات تنظيم  الضغط والحرارة واجهزة تبخر وتكثيف الماء .,2020
Mge di giuseppe albanese,ايطالي,الدمام,وكالة توزيع,قائمة,"منتجات الموكل من اضاءات ال اي دي 
",2020
Prima lab sa,سويسري,الدمام,وكالة توزيع,قائمة,منتجات الموكل من الأدوات والكواشف المخبرية التشخيصية,2020
Devenish nutrition limited,بريطاني,الدمام,وكالة توزيع,قائمة,منتجات الموكل من الأدوية البيطرية و الإضافات الأعلاف و مخلطات الأعلاف,2020
Gabor shoes ag,الماني,الدمام,وكالة توزيع,قائمة,منتجات الموكل من الاحذية النسائية والرجالية .,2020
Argentum medical,امريكي,الدمام,وكالة توزيع,قائمة,منتجات الموكل من الادويه الطبيه المدرجه في الملحق رقم (1) المرفق بالعقد,2020
Dex iberica . s.a,اسباني,الدمام,وكالة توزيع,قائمة,منتجات الموكل من الاعلاف والمكملات الغذائية الحيوانية,2020
Pretty legs hosiery limited,بريطاني,الدمام,وكالة توزيع,قائمة,منتجات الموكل من الجوارب و الماسكات الطبية بكافة أنواعها حسب العقد,2020
H. j. skelton & co. ltd,بريطاني,الدمام,وكالة تجارية,قائمة,منتجات الموكل من الحديد الصلب وانابيب مبادلات حرارية وتوصيلات وسكك حديدية ومثبتات السكك الحديدية,2020
Omb valves spa,ايطالي,الدمام,وكالة تجارية,قائمة,منتجات الموكل من الصمامات بمختلف أنواعها ومقاساتها,2020
Woosung flowtec co. ltd,كوريه الجنوبيه,الدمام,وكالة توزيع,قائمة,منتجات الموكل من الفلاتر والصمامات لتنقية المياه و الزيوت من الشوائب,2020
T2 biosystems inc,امريكي,الدمام,وكالة توزيع,قائمة,منتجات الموكل من الكواشف الطبية و الأجهزة الطبية,2020
Clariant international ltd.,سويسري,الدمام,وكالة توزيع,قائمة,منتجات الموكل من المحفزات الكيماوية المستخدمة في ابار النفط,2020
Agena resinas e colas ltda,برازيلي,الدمام,وكالة تجارية,قائمة,منتجات الموكل من المواد الكيماوية (كواسح كبريتيد الهيدروجين ) الخاصة بصناعة النفط .,2020
Oren hydrocarbons middle east fzco,اماراتي,الدمام,وكالة توزيع,قائمة,منتجات الموكل من المواد الكيماوية بال لوب اس اف اي ، بال لوب 545 الخاصة بحفر آبار النفط,2020
Shandong haiwang chemical co ltd,الصين الشعبيه,الدمام,وكالة تجارية,قائمة,منتجات الموكل من المواد الكيماوية من رماد الصودا الكثيف و كلورايد الكالسيوم و بيكربونات الصوديوم سلفات البوتاسيوم بروبين و نترات ونتران صوديوم,2020
Zhejiang qinghong new material co. ltd,الصين الشعبيه,الدمام,وكالة تجارية,قائمة,منتجات الموكل من المواد الكيميائية والطين العضوي حسب العقد,2020
"Southwest aluminum (kun shan)co ., ltd",الصين الشعبيه,الدمام,وكالة توزيع,قائمة,منتجات الموكل من انابيب الالمنيوم باحجامها المختلفة .,2020
Baoji petroleum steel pipe co.ltd,الصين الشعبيه,الدمام,وكالة توزيع,قائمة,منتجات الموكل من انابيب القوسي المغمورة اللولبية والطولية وانابيب مقاومة للكهرباء والصداء وانابيب مغلفه حسب العقد,2020
Latty international s.a,فرنسي,الدمام,وكالة تجارية,قائمة,منتجات الموكل من انواع مختلفة من موانع التسربات الميكانيكية,2020
Medas middle east software systems l.l.c,اماراتي,الدمام,وكالة توزيع,قائمة,منتجات الموكل من برامج الكمبيوتر  حسب العقد,2020
"Tresys technology, llc",امريكي,الدمام,وكالة توزيع,قائمة,منتجات الموكل من برامج لنقل المعلومات والبيانات وحمايتها,2020
"National oilwell varco,l.p",امريكي,الدمام,وكالة تجارية,قائمة,منتجات الموكل من تكنولوجيا نقل بيانات آبار النفط,2020
Cifa s .p .a,ايطالي,الدمام,وكالة توزيع,قائمة,منتجات الموكل من خلاطات الشاحنات والمضخات وقطع غيارها,2020
Columbus mckinnon industrial  products gmbh,الماني,الدمام,وكالة توزيع,قائمة,منتجات الموكل من رافعات السحب وذراع الرافعة وبكرات وونش الكابلات الكهربائية وقطع غيار الرافعات,2020
Schuf chemieventile vertriebs gmbh & co.kg,الماني,الدمام,وكالة تجارية,قائمة,منتجات الموكل من صمامات  مخرج سفلي وتحويل وإعادة تدوير المضخة وتحكم وكروية وإغلاق الطوارئ وبوابية وحقن ورفع حسب العقد,2020
R.k. control instruments pvt ltd,هندي,الدمام,وكالة توزيع,قائمة,منتجات الموكل من صمامات - تحكم وثلاثي اتجاهات وفراشي - وصمام خفض الضغوط وجهاز تقوية واسطوانات الطاقة,2020
Metso flow control oy,فنلنديه,الدمام,وكالة توزيع,قائمة,منتجات الموكل من صمامات متنوع الأشكال والأحجام والمقاسات,2020
Gestra engineering steam performance,الماني,الدمام,وكالة توزيع,قائمة,"منتجات الموكل من صمامات متنوعة الاستخدام و مختلفة الاحجام و المقاسات

",2020
Velan abv s.r.l,ايطالي,الدمام,وكالة تجارية,قائمة,منتجات الموكل من صمامات مختلفة الأحجام والمقاسات,2020
Nigrema srl,ايطالي,الدمام,وكالة تجارية,قائمة,منتجات الموكل من صمامات مختلفة الاحجام والمقاسات لاستخدامات الصناعية والنفطية,2020
Manuli hydraulics,ايطالي,الدمام,وكالة تجارية,قائمة,منتجات الموكل من صمامات مختلفة الاحجام والمقاسات للاستخدامات الصناعية والنفطية,2020
Fluitek orsenigo valves,ايطالي,الدمام,وكالة تجارية,قائمة,منتجات الموكل من صمامات مختلفه الاحجام والمقاسات والمستخدمه في النفط والغاز,2020
Officine santafede,ايطالي,الدمام,وكالة تجارية,قائمة,منتجات الموكل من فلنجات مختلفة الاحجام و المقاسات,2020
Aqseptence group sas,فرنسي,الدمام,وكالة تجارية,قائمة,منتجات الموكل من قطع غيار الداخلية للاوعية والبايب المستخدمة في الغاز والبتروكيماويات وحقول النفط وقطع غيارها,2020
2m kablo dis ticaret ve pazarlama a.s.,تركي,الدمام,وكالة تجارية,قائمة,منتجات الموكل من كابلات الاجهزة حسب المعايير يو ال 13 ، يو ال 1277 ، اي ان 50288-7 ، بي ايه اس 5308,2020
Seatrax incorporated,امريكي,الدمام,وكالة تجارية,قائمة,منتجات الموكل من كرينات ورافعات وانضمة الرفع وقطع غيارها,2020
"Weifang qiangyuan chemical industry co., ltd",الصين الشعبيه,الدمام,وكالة تجارية,قائمة,منتجات الموكل من كلوريد الكالسيوم و رمادا الصودا و بروميد الكالسيوم و بروميد الصوديوم و بورمات الصوديوم حسب العقد,2020
Wika middle east,اماراتي,الدمام,وكالة توزيع,قائمة,منتجات الموكل من مؤشر درجة الحرارة وقياس الضغط وحساسات حرارية ومحابس ومحولات حرارية,2020
Wacker chemie ag,الماني,الدمام,وكالة توزيع,قائمة,منتجات الموكل من مادة السيليكون العازلة,2020
Neimenggu fufeng biotechnologies co.ltd,الصين الشعبيه,الدمام,وكالة توزيع,قائمة,منتجات الموكل من مادة صمغ شانثان بوليمر  .,2020
Aplteq as,نرويجيه,الدمام,وكالة تجارية,قائمة,"منتجات الموكل من ماسحات الرؤوية البانورامية ثلاثية الابعاد والتي تتمكن من رؤية جميع الاتجاهات ""360درجة""و نظام ادارة الاصول المرئي وتحديث مشروع نظام ادارة الاصول المرئي وقياس ثلاثي الابعاد بانورامي  ونماذج ثلاثية الابعاد فضاء ثلاثي الابعاد عبر ماسحه ضوئية للصور ثلاثية الابعاد وبرنامج ادارة الاصول المرئي وحلول النسخة الاحتياطية المامونه على الانترنت نظاما شاملا اعداد ومعايرة المعدات والامدادات وتاجيرها .",2020
Pleuger industries gmbh,الماني,الدمام,وكالة تجارية,قائمة,منتجات الموكل من مضخات مختلفات الاحجام و الاستخدامات و قطع غيارها .,2020
Osip srl,ايطالي,الدمام,وكالة تجارية,قائمة,منتجات الموكل من مضخات مختلفة الاحجام والمقاسات مع قطع غياره,2020
Itt  borenmann gmbh,الماني,الدمام,وكالة توزيع,قائمة,"منتجات الموكل من مضخات ملولبة و مزدوجة  المستخدمة في حفر آبار النفط


",2020
"Fs - elliott co., llc",امريكي,الدمام,وكالة تجارية,قائمة,منتجات الموكل من معدات ضغط الهواء و قطع غيارها .,2020
"Intellian technologies, inc",كوريه الجنوبيه,الدمام,وكالة توزيع,قائمة,منتجات الموكل من معدات وأجهزة الأتصالات وقطع غيارها,2020
"Tam international, inc",امريكي,الدمام,وكالة تجارية,قائمة,منتجات الموكل من معدات وأدوات النفخ والتضخيم الخاصة بآبار النفط والغاز,2020
Hughes network systems,امريكي,الدمام,وكالة توزيع,قائمة,منتجات الموكل من معدات وأدوات صناعية لأجهزة الإتصالات,2020
Perkins engines company limited,بريطاني,الدمام,وكالة توزيع,قائمة,منتجات الموكل من معدات وادوات والات ومحركات كهربائية وميكانيكية وقطع غيارها,2020
Monti-werkzeuge gmbh,الماني,الدمام,وكالة تجارية,قائمة,منتجات الموكل من مكائن وادوات وعدد صناعية وقطع غيارها,2020
Treda hizli tuketim urunleri satis ve dagtim,تركي,الدمام,وكالة توزيع,قائمة,منتجات الموكل من مناديل طبية بعد ازاله الشعر .,2020
Proeight sdn bhd,ماليزي,الدمام,وكالة تجارية,قائمة,منتجات الموكل من موانع التسريب الميكانيكية والمضخات وقطع الغيار الخاصة فيها .,2020
Aksa jeneratör sanayi a.ş,تركي,الدمام,وكالة توزيع,قائمة,منتجات الموكل من مولدات الديزل لإنتاج الكهرباء وقطع غيارها,2020
"Mitsubishi heavy industries engine & turbocharger, ltd",ياباني,الدمام,وكالة توزيع,قائمة,منتجات الموكل من مولدات الديزل وقطع غياره,2020
Genano ltd,فنلنديه,الدمام,وكالة توزيع,قائمة,منتجات الموكل من وحدات جينانو لإزالة تلوث الهواء,2020
"Kawasaki heavy industries , ltd",ياباني,الدمام,وكالة تجارية,قائمة,منتجات الموكل من وحدات ضغط الغاز والكمبريسورات ومعدات توليد الطاقة,2020
"Vere technology llc , d/b/a veretek",امريكي,الدمام,وكالة تجارية,قائمة,منجات الموكل من مضخات  الغطاسة لإنتاج النفط و قطع غيارها و رؤوس خارجية و مآخذ و وصلات تهيئة للمضخات بحسب العقد و ملحقاته.,2020
Ovs s.p.a,ايطالي,الرياض,وكالة تجارية,قائمة,"
منتجات الموكل من الملابس النسائية والرجالية والأطفال والاكسسوارات بجميع أشكالها",2020
Kerchaert hoefijerf abriek b.v,هولندي,الرياض,وكالة توزيع,قائمة,"
منتجات الموكل من حذوات الخيل ومستلزماتها والاضافات العلفية 
",2020
Blue whale company,فرنسي,الرياض,وكالة توزيع,قائمة,:منتجات الموكل من الصمامات الالكترونية ومستشعر المستوى واجهزة استشعار الضغط واجهزة استشعار درجة الحرارة وفق العقد,2020
Qettaf alalamiah for port and export,اردني,الرياض,وكالة توزيع,قائمة,( خدمات الموكل من البرامج المحاسبة وقواعد البيانات - قصص أطفال تعمل بالقلم الناطق- كتب تعليم باللغة الإنجليزية مع تقنية القلم الناطق ),2020
Commonwealth retail concepts pte ltd,سنغافوريه,الرياض,وكالة امتياز,قائمة,( فتح وتشغيل مطاعم لتقديم المأكولات والمشروبات تحت العلامة التجارية باستامانيا ),2020
Phebra pty limited -australia,استرالي,الرياض,وكالة توزيع,قائمة,( منتجات الموكل من الادويه وفق العقد ),2020
Kervan tekstil sanayi ve dis ticaret as,تركي,الرياض,وكالة توزيع,قائمة,( منتجات الموكل من المنسوجات المنزلية - اثاث - إكسسوارات منزلية ),2020
Tekna s.r.l,ايطالي,الرياض,وكالة توزيع,قائمة,(منتجات الموكل من اجهزة التبريد  الخاصة بالمستشفيات والصيدليات والمختبرات الطبية وفق العقد),2020
Ritter concept gmbh,الماني,الرياض,وكالة توزيع,قائمة,(منتجات الموكل من الادوات والمستلزمات الطبية الخاصة بالاسنان وفق العقد),2020
Vita zahnfabrik co& kg,الماني,الرياض,وكالة توزيع,قائمة,الاجهزة والمواد المستخدمة فى مختبرات الاسنان,2020
Nippon steel corprration /amagasaki,ياباني,الرياض,وكالة توزيع,قائمة,المنتجات الانبوبية غير الملحومة للدول النفطية,2020
Nippon steel corprration,ياباني,الرياض,وكالة توزيع,قائمة,المنتجات الانبوبية غير الملحومة للدول النفطية,2020
Nippon steel corprration/ kainan,ياباني,الرياض,وكالة توزيع,قائمة,المنتجات الانبوبية غير الملحومة للدول النفطية,2020
Atnahs pharma uk limited,بريطاني,الرياض,وكالة توزيع,قائمة,بيع منجات الموكل من الادويه الصيدلانيه كما هوا مرفق في القائمه رقم 1,2020
Schulke & mayr ges.m.b.h,نمساوي,الرياض,وكالة توزيع,قائمة,بيع وتوزيع منتجات الموكل من الادوية والمستحضرات الطبية المرفقة بالعقد,2020
Axon partners group consulting,اسباني,الرياض,وكالة خدمات,قائمة,تقديم خدمات استشارية في مجال الاتصالات وتقنية المعلومات,2020
Alexion pharma international operations unlimited company,ايرلندي,الرياض,وكالة توزيع,قائمة,توزيع منتجات الموكل من الادوية,2020
European egyptian pharmaceutical industry,مصري,الرياض,وكالة توزيع,قائمة,توزيع منجات الموكل من الادوية والمستحضرات الطبية,2020
Quest global ou,فنلنديه,الرياض,وكالة خدمات,قائمة,خدمات الموكل من التسويق الرقمي,2020
"Tecnove,s,l",اسباني,الرياض,وكالة خدمات,قائمة,خدمات الموكل من الرعاية الصحية المتنقلة وفق ( الملحق أ ).,2020
Pivox labs private limited co,هندي,الرياض,وكالة خدمات,قائمة,"خدمات الموكل من انظمة الحاسب الالي وتقنية المعلومات , تأمين وتوفير الطاقم الهندسي والفنى المختصص",2020
Porticon s.l,اسباني,الرياض,وكالة تجارية,قائمة,خدمات الموكل من تنفيذ عدد من المشاريع  السكنية والانشاءات والمباني الجاهزة والعمائر  والاسواق والمجمعات السكنية,2020
"Siatt engineering, industry and commerce ltd",برازيلي,الرياض,وكالة تجارية,قائمة,خدمات الموكل من صناعة الصواريخ بجميع انواعها و القنابل الذكية وفق العقد,2020
Gn-z11 empreendimentos aeronauticos ltda,برازيلي,الرياض,وكالة تجارية,قائمة,خدمات الموكل من صناعة وصيانة وترميم الطائرات وفق العقد,2020
A.o.k kitchen marylebone limited,بريطاني,الرياض,وكالة امتياز,قائمة,فتح و تشغيل سلسلة من المطاعم تحت اسم A.O.K Kitchen,2020
Ellerre sfo dmcc,اماراتي,الرياض,وكالة امتياز,قائمة,فتح و تشغيل سلسلة من محلات المطاعم تحت اسم إل باريتو,2020
Mexx global b. v,هولندي,الرياض,وكالة امتياز,قائمة,فتح وتشغيل المحل تحت العلامة التجارية ميكس,2020
Capri s.r.l.,ايطالي,الرياض,وكالة امتياز,قائمة,فتح وتشغيل المحلات الملابس والاحذية والاكسسوارات,2020
Zhongshanshenghuowuyou department store co ltd,الصين الشعبيه,الرياض,وكالة امتياز,قائمة,فتح وتشغيل المحلات لبيع الأدوات المنزلية والحقائب والقرطاسية والأدوات الرياضية والهدايا والالكترونيات والاكسسورات الرقمية والمجوهرات والأزياء ومنتجات العناية بالشعر ومنتجات الصحة والجمال,2020
The grub shack grill w.l.l,بحريني,الرياض,وكالة امتياز,قائمة,فتح وتشغيل المطاعم,2020
Marsabian restaurant management company,كويتي,الرياض,وكالة امتياز,قائمة,فتح وتشغيل المطاعم,2020
Kaldi koffie & thee b.v.,هولندي,الرياض,وكالة امتياز,قائمة,فتح وتشغيل المطاعم,2020
Einstein restaurant,كويتي,الرياض,وكالة توزيع,قائمة,فتح وتشغيل المطاعم,2020
Duck donuts franchising company international lcc,امريكي,الرياض,وكالة توزيع,قائمة,فتح وتشغيل المطاعم تحت الاعلامة التجارية داك دونتس,2020
Bfi management dmcc,اماراتي,الرياض,وكالة امتياز,قائمة,فتح وتشغيل المطاعم تحت العلامة التجارية تشيكنغ,2020
Robot theme restaurant,هندي,الرياض,وكالة امتياز,قائمة,فتح وتشغيل المطاعم روبوت ثيم ريستونت,2020
So delicious vof,هولندي,الرياض,وكالة امتياز,قائمة,فتح وتشغيل المطاعم والمخابز وفق العقد,2020
Adnoc distribution global company llc adgc,اماراتي,الرياض,وكالة امتياز,قائمة,"فتح وتشغيل محطات وقود التجزئة وغيرها من محطات الخدمة ذات الصلة
",2020
Ava tekstil sanayi ve pazarlama  limited sirketi,تركي,الرياض,وكالة امتياز,قائمة,فتح وتشغيل محلات الملابس النسائية تحت العلامة التجارية ( OXXO-أوكسو),2020
Pandora a / s,دنمركيه,الرياض,وكالة امتياز,قائمة,فتح وتشغيل محلات لبيع الاكسسوارات ( السوار - القرط - القلادات - الخواتم - الحلي - الخلخال - الساعات اليدويه ) تحت العلامة التجارية باندورا (PANDORA),2020
Beejapa limited liabited,البوسنه والهرسك,الرياض,وكالة امتياز,قائمة,فتح وتشغيل محلات لبيع العسل والمواد الغذائية,2020
Helsinki international school group oy,فنلنديه,الرياض,وكالة امتياز,قائمة,"فتح وتشغيل مدارس للتعليم والتدريب الخاص للأطفال
",2020
Magenta black trading limited,قبرصيه,الرياض,وكالة امتياز,قائمة,فتح وتشغيل مطاعم تحت العلامة التجارية بلقرافيان (BELGRAVIAN).,2020
Magenta black trading limited,قبرصيه,الرياض,وكالة امتياز,قائمة,فتح وتشغيل مطاعم تحت العلامة التجارية هيلينيكا (HELLENIKA),2020
Elaf food company,كويتي,الرياض,وكالة امتياز,قائمة,فتح وتشغيل مطاعم تحت العلامة التجارية فروج ريبابلك في المنطقة الشرقية فقط وفق العقد,2020
Cavadore limited,قبرصيه,الرياض,وكالة امتياز,قائمة,فتح وتشغيل مطاعم وفق العقد.,2020
Evagarden s.r..l,ايطالي,الرياض,وكالة توزيع,قائمة,مستحضرات تجميل,2020
Infinitum grupp,اجنبيه,الرياض,وكالة توزيع,قائمة,مستشفى ميداني / كاميرا حرارية _ جهاز فحص حراري,2020
"Global lift equipment,s.l",اسباني,الرياض,وكالة توزيع,قائمة,من منتجات الموكل من المصاعد,2020
Saol therapeutics research limited,ايرلندي,الرياض,وكالة توزيع,قائمة,منتجات اشركة من الأدوية حسب القائمة المرفقة مع العقد،,2020
Pharmavet,تركي,الرياض,وكالة توزيع,قائمة,منتجات الشركة من البيطرة حسب القائمة المرفقة مع العقد -,2020
Poladex group oy ( poladex),فنلنديه,الرياض,وكالة توزيع,قائمة,"منتجات العقد من أجهزة أشعة بانوراما سينية بموديلات مختلفة ومستلزماتها حسب الملحق هـ 
",2020
Polaris sales europe sarl,سويسري,الرياض,وكالة توزيع,قائمة,منتجات الموكل  من (المركبات الصالحة لجميع التضاريس و مركبات SIDE - BY - SIDE للطرق الوعرة والدراجات النارية الهندية ومركبات السلينغشوت جنباً إلى جنب مع الأجزاء و الملحقات و الزيوت والملابس المرتبطة على وجه التحديد بتصاميم الخط المحدد).,2020
Martinez nieto s.a,اسباني,الرياض,وكالة توزيع,قائمة,منتجات الموكل  من الادوية البشرية  ( سالوبيل  ),2020
Avizor sa,اسباني,الرياض,وكالة تجارية,قائمة,منتجات الموكل ( افيزور اس ايه ) من منتجات طب العيون,2020
Xlear inc,امريكي,الرياض,وكالة توزيع,قائمة,"منتجات الموكل ( اكسلير انك ) من :
مستحضرات العناية للانف والجيوب الانفي
للعناية بالاسنان
محليات طبيعية",2020
Flash forge private limited,هندي,الرياض,وكالة توزيع,قائمة,منتجات الموكل أنابيب تركيبات صمامات دافعات الميكانيكية مختلفة الأحجام والمقاسات وأجهزة قياس تستخدم في ابار النفط والغاز,2020
Terragene s.a.,ارجنتيني,الرياض,وكالة توزيع,قائمة,"منتجات الموكل الأجهزة الطبية والسمعية
",2020
Lipo capital france,فرنسي,الرياض,وكالة توزيع,قائمة,منتجات الموكل حقائب سفر ومستلزماتها,2020
Promoitalia group s.p.a,ايطالي,الرياض,وكالة توزيع,قائمة,منتجات الموكل من  الأجهزة الطبية,2020
I p m  ilac ticaet sanayi a. s,تركي,الرياض,وكالة توزيع,قائمة,منتجات الموكل من  الادويه البيطريه,2020
Amouage s.a.o.c,عماني,الرياض,وكالة تجارية,قائمة,منتجات الموكل من  العطور والصابون والكريمات  (عطور للسيدات ورجالي -أطقم حمام -  صابون رجالي ونسائي - كريم للجسم رجالي ونسائي - شاور جل رجالي ونسائي - سنجل كاندل -  بودي لوشن رجالي نسائي  ) ... لاغيرها,2020
Liaoning ever metal forming tech co ltd,الصين الشعبيه,الرياض,وكالة تجارية,قائمة,منتجات الموكل من  القطع الخاصة لتركيبات الأنابيب وملحقاتها بكافة أقطارها,2020
Medical modular system s.a,اسباني,الرياض,وكالة توزيع,قائمة,منتجات الموكل من  حلول وأنظمة آلية المستودعات و حلول وانظمة آلية التخزين و عربات يدوية للنقل والتوزيع وأنظمة ذكية لإدارة أرفف الصيدليات  وأنظمة ذكية لإدارة أرفف الملابس الطبية .,2020
Procter & gamble international operations s.a,سويسري,الرياض,وكالة توزيع,قائمة,منتجات الموكل من  فيكس ( تبخير ،  مستنشق ،  ستحلاب ، نقاط للحلق ) لاغيرها,2020
Kiran medical systems,هندي,الرياض,وكالة توزيع,قائمة,منتجات الموكل من  ملابس للوقاية من الإشعاع - قفازات واقية ونظارات - أنظمة تخزين - درع الأشعة المقطعية - دروع الحماية من الإشعاع - شبكات مكافحة الإنتثار - كاسيت وشاشات - جل الموجات فوق الصوتية ... لاغيرها,2020
Swisslog healthcare ag,سويسري,الرياض,وكالة توزيع,قائمة,"منتجات الموكل من -جهاز تحضير وتوزيع الأدوية ذاتيا للصيدلية الداخلية - جهاز التقاط علب الأدوية ذاتيا للصيدلية الداخلية -رجل آلي ( روبوت لصرف الأدوية للصيدلية الخارجية -خط أجهزة الأنابيب التي تعمل بضغط الهواء  .
 
",2020
Gardner denver fze,اماراتي,الرياض,وكالة تجارية,قائمة,منتجات الموكل من (كومب أير ، هايروفين، برومويد لجهاز الضغط المميز بالعلامة التجارية كومب أير هايروفين ، برومويد,2020
"Man&tel co., ltd",كوريه الجنوبيه,الرياض,وكالة توزيع,قائمة,منتجات الموكل من أجهزة التدريب والتأهيل والإختبار,2020
"Grg banking wquipment (hk) co., limited",الصين الشعبيه,الرياض,وكالة تجارية,قائمة,منتجات الموكل من أجهزة الصراف الآلي ، عد النقد ، المنتجات الرقمية ، الذكاء الإصطناعي وفقا للعقد,2020
"Vivachek laboratories, inc",امريكي,الرياض,وكالة توزيع,قائمة,"منتجات الموكل من أجهزة تحليل فيفادياج و فيفادياج كوفيد - 19-1 جرام وفق العقد .
",2020
Shinva medical instrument co ltd,الصين الشعبيه,الرياض,وكالة تجارية,قائمة,منتجات الموكل من أجهزة تعقيم و تنقية الهواء وفق العقد,2020
Pioneros fzc,اماراتي,الرياض,وكالة توزيع,قائمة,منتجات الموكل من أجهزة دوائر تنفسية للتنفس الصناعي-أجهزة جلايدسكوب للتنبيب الحنجري - أجهزة برو نيبولايزر - وأجهزة فحص السمع لحديثي الولادة .,2020
Shanghai fourier intelligence co. ltd,الصين الشعبيه,الرياض,وكالة توزيع,قائمة,منتجات الموكل من أجهزة روبوتات إعادة التأهيل,2020
Mir-medical international research s.r.l,ايطالي,الرياض,وكالة توزيع,قائمة,منتجات الموكل من أجهزة قياس التنفس والتأكسج وفق الملحق (2),2020
Weinmann emergency medical technology gmbh + co. kg,الماني,الرياض,وكالة توزيع,قائمة,منتجات الموكل من أجهزت النتفس الصانعي وفق العقد,2020
Laboratoires fill-med,فرنسي,الرياض,وكالة توزيع,قائمة,منتجات الموكل من أدوات ومستحضرات جلدية تجميلية,2020
Fit for me trading b.v,هولندي,الرياض,وكالة توزيع,قائمة,منتجات الموكل من أدوية الصيدلانيه فيت فور مي ( دبليو إل إس فورتي كبسول وتشيوابل -فيرو فورتي - دبليو إل إس أوبتيموم كبسول وتشيوايل - فيرو أوبتيموم ) وأية منتجات آخرى يتم تصنيعها من قبل فيت فور مي,2020
Solarfree window film,امريكي,الرياض,وكالة توزيع,قائمة,"منتجات الموكل من أفلام العزل الحراري للسيارات والمباني وأفلام حماية الدهان للسيارات وأفلام الأمان للزجاج والعدد الخاصة بتركيبها 

",2020
Frieslandcampina nutrifeed b . v,هولندي,الرياض,وكالة توزيع,قائمة,منتجات الموكل من إضافات علفية بديل حليب,2020
"Xian miteras tyre co,. limted",الصين الشعبيه,الرياض,وكالة تجارية,قائمة,منتجات الموكل من إطارات سيارات العسكرية,2020
Shenzhen meiya electronic commerce co. ltd,الصين الشعبيه,الرياض,وكالة توزيع,قائمة,منتجات الموكل من اجهزة ازالة الشعر,2020
Hangzhou bioer technology co. ltd,الصين الشعبيه,الرياض,وكالة تجارية,قائمة,منتجات الموكل من اجهزة التشخيص في المختبر والاجهزة ذات الاستخدام الواحد,2020
Ampo s. coop. katea auzoa k/g,اسباني,الرياض,وكالة توزيع,قائمة,منتجات الموكل من اجهزة صمامات المياه وفق للعقد,2020
Nikkiso europe gmbh,الماني,الرياض,وكالة توزيع,قائمة,منتجات الموكل من اجهزة غسيل الكلى,2020
Joycare espana sl,اسباني,الرياض,وكالة توزيع,قائمة,"منتجات الموكل من اجهزة قياس طبية والعناية الشخصية والعناية بالشعر والعناية بالطفل.
",2020
Flavour trove,هندي,الرياض,وكالة توزيع,قائمة,منتجات الموكل من اعشاب الحيوانات الصحية الخاصه بالادوية والمكملات البيطرية وغذاء الحيوانات .,2020
Alfasigma s.p.a.,ايطالي,الرياض,وكالة توزيع,قائمة,منتجات الموكل من الآدوية حسب القائمة المرفقة مع العقد .,2020
Suru international pvt ltd,هندي,الرياض,وكالة توزيع,قائمة,منتجات الموكل من الأجهزة الطبية,2020
Centogene gmbh,الماني,الرياض,وكالة توزيع,قائمة,منتجات الموكل من الأجهزة الطبية,2020
Unfors raysafe ab,سويديه,الرياض,وكالة توزيع,قائمة,"منتجات الموكل من الأجهزة الطبية ( الفحص والمعايرة - الاشعة السينية وفق الخطاب المرفق ).


",2020
Instrumentation difra sa,بلجيكي,الرياض,وكالة توزيع,قائمة,منتجات الموكل من الأجهزة الطبية الخاصة بالأنف والأذن والحنجرة,2020
Nouvag ag,سويسري,الرياض,وكالة توزيع,قائمة,منتجات الموكل من الأجهزة الطبية الخاصة بالأنف والأذن والحنجرة,2020
Inter medical service ltd,بريطاني,الرياض,وكالة توزيع,قائمة,منتجات الموكل من الأجهزة الطبية المدرجة في الملحق (أ),2020
Strub gmbh,الماني,الرياض,وكالة توزيع,قائمة,منتجات الموكل من الأجهزة الطبية المدرجة في الملحق (أ),2020
"Aygun surgical instruments co., inc",تركي,الرياض,وكالة توزيع,قائمة,منتجات الموكل من الأجهزة الطبية المدرجة في الملحق (أ),2020
Istem medikal tibbi,تركي,الرياض,وكالة توزيع,قائمة,منتجات الموكل من الأجهزة الطبية المدرجة في الملحق (أ),2020
Cardiamed b.v.,هولندي,الرياض,وكالة توزيع,قائمة,منتجات الموكل من الأجهزة الطبية المدرجة في الملحق (أ),2020
Med europe srl,الماني,الرياض,وكالة توزيع,قائمة,منتجات الموكل من الأجهزة الطبية المدرجة في الملحق (أ),2020
Welfare medical ltd,بريطاني,الرياض,وكالة توزيع,قائمة,منتجات الموكل من الأجهزة الطبية المدرجة في الملحق (أ),2020
Lakeside manufacturing,امريكي,الرياض,وكالة توزيع,قائمة,منتجات الموكل من الأجهزة الطبية المدرجة في الملحق (أ),2020
"Syncardia systems, llc",امريكي,الرياض,وكالة توزيع,قائمة,منتجات الموكل من الأجهزة الطبية المدرجة في الملحق أ,2020
Arc laser gmbh,الماني,الرياض,وكالة توزيع,قائمة,منتجات الموكل من الأجهزة الطبية وفق العقد,2020
"Origen biomedical, inc",امريكي,الرياض,وكالة توزيع,قائمة,منتجات الموكل من الأجهزة الطبية وفق العقد,2020
"Smart group""smart group aleksandda gladysz""",بولندي,الرياض,وكالة توزيع,قائمة,منتجات الموكل من الأجهزة الطبية وفق العقد,2020
Miltenyi biotec gmbh,الماني,الرياض,وكالة توزيع,قائمة,منتجات الموكل من الأجهزة الطبية وفق العقد,2020
Selsius medical s.l,اسباني,الرياض,وكالة توزيع,قائمة,منتجات الموكل من الأجهزة الطبية وفق الملحق,2020
Bgi europe a/s,دنمركيه,الرياض,وكالة توزيع,قائمة,منتجات الموكل من الأجهزة الطبية وفق الملحق ( أ ),2020
Ondal medical systems gmbh,الماني,الرياض,وكالة توزيع,قائمة,منتجات الموكل من الأجهزة الطبية وفق ملحق أ,2020
Teleflex medical europe ltd,ايرلندي,الرياض,وكالة توزيع,قائمة,منتجات الموكل من الأجهزة و المستلزمات الطبية وفق الجدول 1,2020
Riwospine gmbh,الماني,الرياض,وكالة توزيع,قائمة,منتجات الموكل من الأجهزة والأدوات الطبية الخاصة بالعظام,2020
Akrus gmbh & co kg,الماني,الرياض,وكالة توزيع,قائمة,منتجات الموكل من الأجهزة والأدوات الطبية الخاصة بطب العيون,2020
"Chongqing chuanyi automation co.,ltd",الصين الشعبيه,الرياض,وكالة تجارية,قائمة,منتجات الموكل من الأجهزة والأدوات الميدانية ( ادوات درجة الحرارة - ادوات التحليل - عدادات التدفق - المستوى - المشغلات - الصمامات - أجهزة الإرسال ),2020
R-vent medikal uretim a.s,تركي,الرياض,وكالة توزيع,قائمة,منتجات الموكل من الأجهزة والمستلزمات الطبية,2020
Schmitz und sohne gmbh & co kg,الماني,الرياض,وكالة توزيع,قائمة,منتجات الموكل من الأجهزة والمعدات الطبية,2020
Infinium medical inc.,امريكي,الرياض,وكالة توزيع,قائمة,منتجات الموكل من الأجهزة والمنتجات الطبية المدرجة في الملحق (أ),2020
Berlin heart gmbh,الماني,الرياض,وكالة توزيع,قائمة,منتجات الموكل من الأجهزة والمنتجات الطبية المدرجة في الملحق (أ),2020
Blue ribe srl.,ايطالي,الرياض,وكالة توزيع,قائمة,منتجات الموكل من الأجهزة والمنتجات الطبية المدرجة في الملحق (أ),2020
Samyang biopharmaceutical corporation,كوريه الجنوبيه,الرياض,وكالة توزيع,قائمة,منتجات الموكل من الأدوات الطبية الخاصة بالجلدية,2020
"Feel tech co.,ltd",كوريه الجنوبيه,الرياض,وكالة توزيع,قائمة,منتجات الموكل من الأدوات الطبية الخاصة بالجلدية,2020
Endoservice gmbh,الماني,الرياض,وكالة تجارية,قائمة,منتجات الموكل من الأدوات الطبية وفق العقد,2020
Hangzhou kangji medical instruments ltd,الصين الشعبيه,الرياض,وكالة تجارية,قائمة,"منتجات الموكل من الأدوات الطبية وفق العقد
تم تعديل المطلوب فيما يخص بالبند رقم ١٥ حيث أنه كان خطأ من الترجمة وتم عمل التصحيح اللازم
تم إرفاق خطاب الشركة الموكلة حسب طلب سعادتكم",2020
Abbott rapid diagnostics international limited,ايرلندي,الرياض,وكالة توزيع,قائمة,منتجات الموكل من الأدوات والتجهيزات الطبية الموضحة حسب الجدول رقم (1) المرفق في العقد,2020
Abbott rapid dx international limited,ايرلندي,الرياض,وكالة توزيع,قائمة,منتجات الموكل من الأدوات والتجهيزات الطبية الموضحة حسب الجدول رقم (1) المرفق في العقد.,2020
St. jude medical coordination center bvba,بلجيكي,الرياض,وكالة توزيع,قائمة,منتجات الموكل من الأدوات والتجهيزات الطبية حسب المرفق في العقد,2020
Aesculap ag,الماني,الرياض,وكالة توزيع,قائمة,منتجات الموكل من الأدوات والمستلزمات الطبية وفق الملحق أ,2020
Valida srls company,ايطالي,الرياض,وكالة توزيع,قائمة,منتجات الموكل من الأدوية,2020
Nguyen hieu jsc,فيتناميه,الرياض,وكالة توزيع,قائمة,منتجات الموكل من الأدوية البيطرية,2020
Medochemie ltd,قبرصيه,الرياض,وكالة توزيع,قائمة,منتجات الموكل من الأدوية الصيدلانية  موكسيكلاف ، بلوتيس ، باميسيل ، سومليد ، مابرون ، باناجيسيك ، اولفيون ، ميدوغريل ، اميسول ، فيرتيميد ، ديكساميد ، سيفيميد ، توبريزان ، بايسيمين ، ازالونوم ، سوفيمتيل ، سيليميسين ، داليميفين ، داليكس ، جينتاميد ، لينكوميد ،ابيل نيم آي إس يو دي ، لورانز ، تيميلور ، ميلوكس ، روبالين ،اكتبرول ، روكسون ، اونلير ، زيكالور ...  وغيرها حسب المرفق بالعقد,2020
Ferrng pharmaceuticals b.v..,هولندي,الرياض,وكالة توزيع,قائمة,منتجات الموكل من الأدوية حسب القائمة المرفقة مع العقد.,2020
Ferrer internacional s.a,اسباني,الرياض,وكالة توزيع,قائمة,منتجات الموكل من الأدوية و المستحضرات الطبية,2020
"Sb shinil co., ltd.",كوريه الجنوبيه,الرياض,وكالة توزيع,قائمة,منتجات الموكل من الأدوية والاضافات العلفية البيطرية المدرجة في الملحق رقم (1) المرفق بالعقد.,2020
Boston biopharma limited,مالطيه,الرياض,وكالة توزيع,قائمة,منتجات الموكل من الأدوية والحقن للأمراض السرطانية,2020
Emcure pharmaceuticals limited,هندي,الرياض,وكالة توزيع,قائمة,منتجات الموكل من الأدوية والحقن والأجهزة الطبية,2020
Sumitomo corporation middle east,اماراتي,الرياض,وكالة توزيع,قائمة,منتجات الموكل من الأدوية واللقاحات البيطرية والإضافات العلفية,2020
Fiterman pharma srl,رومانيه,الرياض,وكالة توزيع,قائمة,منتجات الموكل من الأدوية والمستحضرات الطبية,2020
Korea unitedpharm inc,كوريه الجنوبيه,الرياض,وكالة توزيع,قائمة,منتجات الموكل من الأدوية والمستحضرات الطبية,2020
Neovital health s.l,اسباني,الرياض,وكالة توزيع,قائمة,منتجات الموكل من الأدوية والمستحضرات الطبية,2020
Abies labs gmbh,نمساوي,الرياض,وكالة توزيع,قائمة,منتجات الموكل من الأدوية والمستحضرات الطبية والعشبية,2020
Nueva dietetica s.l,اسباني,الرياض,وكالة توزيع,قائمة,منتجات الموكل من الأدوية والمستحضرات الطبية والعشبية,2020
Tecnozoo,ايطالي,الرياض,وكالة توزيع,قائمة,منتجات الموكل من الأعلاف و الإضافات العلفية الغير دوائية,2020
United pharmaceuticals sas,فرنسي,الرياض,وكالة توزيع,قائمة,منتجات الموكل من الألبان (نوفالاك) المرفقة بالعقد,2020
Manghebati sas,فرنسي,الرياض,وكالة توزيع,قائمة,منتجات الموكل من الإضافات العلفية,2020
Al shafaq industrial company,اردني,الرياض,وكالة تجارية,قائمة,منتجات الموكل من الإضافات العلفية الغير دوائية وفق العقد .,2020
Arab company for medical products ( arabcomed,مصري,الرياض,وكالة توزيع,قائمة,منتجات الموكل من الإضافات العلفية والأدوية البيطرية,2020
Lacto production,فرنسي,الرياض,وكالة توزيع,قائمة,منتجات الموكل من الإضافات العلفية وفق العقد,2020
Becton dickinson rowa germany gmbh,الماني,الرياض,وكالة توزيع,قائمة,منتجات الموكل من الاجهزة الاوتوماتيكية لصرف الادوية للصيدليات الداخلية والخارجية والبرامج الخاصة بها وقطع غيارها,2020
Orimtech ltd,امريكي,الرياض,وكالة توزيع,قائمة,منتجات الموكل من الاجهزة الطبية,2020
Hc biologics llc,امريكي,الرياض,وكالة توزيع,قائمة,منتجات الموكل من الاجهزة الطبية الطبية (اتش سي بيولوجيكس ألوجرافتس) حسب المرفق بالعقد,2020
Bsn medical (pty) ltd,جنوب افريقيا,الرياض,وكالة توزيع,قائمة,منتجات الموكل من الاجهزة الطبية المرفقة بالعقد.,2020
Cryofos medical gmbh,الماني,الرياض,وكالة توزيع,قائمة,منتجات الموكل من الاجهزة الطبية طبقا لملحق العقد,2020
Compumedics ltd,استرالي,الرياض,وكالة توزيع,قائمة,منتجات الموكل من الاجهزة الطبية طبقا لملحق العقد,2020
Masimo international sarl,سويسري,الرياض,وكالة توزيع,قائمة,منتجات الموكل من الاجهزة الطبية طبقا لملحق العقد,2020
Biodermis,امريكي,الرياض,وكالة توزيع,قائمة,منتجات الموكل من الاجهزة الطبية والتجميل وفق العقد,2020
Zhejiang kindly medical devices coltd,الصين الشعبيه,الرياض,وكالة توزيع,قائمة,منتجات الموكل من الاجهزة الطبية وفق العقد,2020
Beckman coulter international s.a,سويسري,الرياض,وكالة توزيع,قائمة,منتجات الموكل من الاجهزة الطبية وفق الملحق ( أ ),2020
A. algeo limited,بريطاني,الرياض,وكالة توزيع,قائمة,منتجات الموكل من الاجهزة الطبية ومعدات غير طبية المرفقة بالعقد,2020
Allwin medical divice,امريكي,الرياض,وكالة توزيع,قائمة,منتجات الموكل من الاجهزة الطبيه ( جهاز التنظير وجهاز المسالك البولية ),2020
Clerad,فرنسي,الرياض,وكالة توزيع,قائمة,منتجات الموكل من الاجهزة الطبيه الخاصه بالاشعه,2020
Ewac medical,هولندي,الرياض,وكالة توزيع,قائمة,منتجات الموكل من الاجهزة و المستلزمات الطبية الخاصة بالمسابح,2020
Uromedex export gmbh,الماني,الرياض,وكالة توزيع,قائمة,منتجات الموكل من الاجهزة والادوات الطبية للمسالك البولية,2020
Foshan united medical technologies ltd,صينيه وطنيه - تايوان,الرياض,وكالة توزيع,قائمة,منتجات الموكل من الاجهزة واللوازم الطبية طبقا لملحق العقد,2020
Saeum meditec co. ltd,كوريه الجنوبيه,الرياض,وكالة توزيع,قائمة,منتجات الموكل من الاجهزة والمنتجات الطبية,2020
Medi sarang company,كوريه الجنوبيه,الرياض,وكالة تجارية,قائمة,منتجات الموكل من الاجهزة والمنتجات الطبية,2020
ايجيريون فارماسوتيكل ليمتد,بريطاني,الرياض,وكالة توزيع,قائمة,منتجات الموكل من الادوية,2020
Zambon s. p . a,ايطالي,الرياض,وكالة توزيع,قائمة,منتجات الموكل من الادوية ، طبقا لملحق العقد .,2020
Avva pharmaceuticals  ltd,قبرصيه,الرياض,وكالة توزيع,قائمة,منتجات الموكل من الادوية .,2020
Stavropol biofactory,روسيه,الرياض,وكالة توزيع,قائمة,منتجات الموكل من الادوية البيطرية,2020
Medical union pharmaceuticals co sae,مصري,الرياض,وكالة توزيع,قائمة,منتجات الموكل من الادوية الصيدلانية حسب نص العقد,2020
Kyowa kirin services ltd,بريطاني,الرياض,وكالة توزيع,قائمة,منتجات الموكل من الادوية الصيدلانية لعلالج بعض الامراض السرطانية طبقا للعقد,2020
Provepharm sas.,فرنسي,الرياض,وكالة توزيع,قائمة,منتجات الموكل من الادوية الصيدلانية وفق العقد,2020
Upjohn export b.v,هولندي,الرياض,وكالة توزيع,قائمة,منتجات الموكل من الادوية الصيدلانية وفق الملحق أ,2020
Sandoz pharmaceuticals d.d,سلوفنيه,الرياض,وكالة توزيع,قائمة,منتجات الموكل من الادوية الصيدلانيه ( كورام  ، ايزوميب ، ديكلاك ، راميبريل ، املوهوب ، ليفو فلوكساسين ، بيبر/تازو، ميجون ) وأدوية ايبيوي - Ebwe  وغيرها حسب العقد,2020
Santen sa,سويسري,الرياض,وكالة توزيع,قائمة,منتجات الموكل من الادوية الطبية وفق العقد,2020
Fresenius kabi deutschland gmbh,الماني,الرياض,وكالة توزيع,قائمة,منتجات الموكل من الادوية المنصوص عليها في الملحق رقم 1,2020
Veriton pharma ltd,بريطاني,الرياض,وكالة توزيع,قائمة,منتجات الموكل من الادوية حسب القائمة المرفقة بالعقد،,2020
Bavarian nordic a/s,دنمركيه,الرياض,وكالة توزيع,قائمة,منتجات الموكل من الادوية طبقا لملحق العقد,2020
Gene pharm s.a,يونانيه,الرياض,وكالة توزيع,قائمة,منتجات الموكل من الادوية طبقا لملحق العقد,2020
Kitozyme sa,بلجيكي,الرياض,وكالة توزيع,قائمة,منتجات الموكل من الادوية طبقا لملحق العقد,2020
Ptc therapeutics international limited,ايرلندي,الرياض,وكالة توزيع,قائمة,منتجات الموكل من الادوية لعلاج طفرات الجينات ، طبقا للعقد,2020
Biogensis bagos.a,ارجنتيني,الرياض,وكالة تجارية,قائمة,"منتجات الموكل من الادوية والمستحضرات البيطرية 
",2020
Zoetis belgium sa,امريكي,الرياض,وكالة توزيع,قائمة,"منتجات الموكل من الادويه البيطريه

",2020
Laboratorios ovejero s.a,اسباني,الرياض,وكالة توزيع,قائمة,منتجات الموكل من الادويه البيطريه والاضافات العلفيه,2020
Atco pharma for pharmaceutical industries,مصري,الرياض,وكالة توزيع,قائمة,منتجات الموكل من الادويه البيطريه والاضافات العلفيه غير الدوائيه,2020
Cadila healthcare limited,هندي,الرياض,وكالة توزيع,قائمة,"منتجات الموكل من الادويه والمستحضرات البيطريه 

",2020
Tierr aproducts aps,دنمركيه,الرياض,وكالة توزيع,قائمة,منتجات الموكل من الاضافات العلفية,2020
Celticsea minerals,ايرلندي,الرياض,وكالة توزيع,قائمة,منتجات الموكل من الاضافات العلفية,2020
Vital concept s a s,فرنسي,الرياض,وكالة توزيع,قائمة,منتجات الموكل من الاضافات العلفية غير الدوائية,2020
Ropapharm international b.v,هولندي,الرياض,وكالة توزيع,قائمة,"منتجات الموكل من الاضافات العلفية غير الدوائية
",2020
Alba-farma,ايطالي,الرياض,وكالة توزيع,قائمة,منتجات الموكل من الاضافات العلفيه غير الدوائيه,2020
Creaciones arrpe s.l,اسباني,الرياض,وكالة توزيع,قائمة,منتجات الموكل من الاطعمة والاضافات العلفية والمنتجات الطبية والاكسسوارات  الخاصة بالحيوانات الاليفة,2020
Ht pharma veterinary import export limited liability company,فيتناميه,الرياض,وكالة توزيع,قائمة,"منتجات الموكل من الاعلاف والاضافات العلفيه
",2020
Ab medical inc,كوريه الجنوبيه,الرياض,وكالة تجارية,قائمة,منتجات الموكل من الانابيب الفارغة الخاصة بالدم,2020
Atyab almarshoud,كويتي,الرياض,وكالة توزيع,قائمة,منتجات الموكل من البخور والعطورات وادوات التجميل وفق العقد,2020
Interlink s & s,كوريه الجنوبيه,الرياض,وكالة تجارية,قائمة,منتجات الموكل من البدل و الاحذية العسكرية و البريهات والمعدات الفردية والوقاية من الرصاص وفق العقد,2020
Qader international trading fzco,اماراتي,الرياض,وكالة توزيع,قائمة,منتجات الموكل من التبغ وفق العقد,2020
Cisa production sri,ايطالي,الرياض,وكالة توزيع,قائمة,منتجات الموكل من التجهيزات الطبية وادوات واجهزة التعقيم والتطهير والمواد الكيميائية والمواد الاستهلاكية ومواد الاستعمال لمرة واحدة,2020
Pe boiko andrii,اوكراني,الرياض,وكالة تجارية,قائمة,منتجات الموكل من الحقائب والنظارات والساعات,2020
Ez animal products,امريكي,الرياض,وكالة توزيع,قائمة,منتجات الموكل من الحلابات اليدوية والكهربائية المختلفة للماعز والابل والبقر والحصان.,2020
Lange uhren gmbh,الماني,الرياض,وكالة توزيع,قائمة,"منتجات الموكل من الساعات تحت العلامة التجارية  اية  لانجي اند سوهنى 
",2020
Geely automobile international corporation,الصين الشعبيه,الرياض,وكالة توزيع,قائمة,منتجات الموكل من السيارات وقطع الغيار وصيانة مابعد البيع .وفق العقد,2020
Gac motor international limited,الصين الشعبيه,الرياض,وكالة توزيع,قائمة,منتجات الموكل من السيارات وقطع غيارها وصيانتها.,2020
"Shih chia co.,ltd (yuan rong )",تايوانيه,الرياض,وكالة تجارية,قائمة,منتجات الموكل من الشاهي وفق العقد,2020
Gold bar company limited,تايلانديه,الرياض,وكالة تجارية,قائمة,"منتجات الموكل من الصابون, مرطب الجسم, كريم اليدين, زيوت العطرية.",2020
Euroresearch s.r.l.,ايطالي,الرياض,وكالة توزيع,قائمة,منتجات الموكل من الضمادات الحيوية والبخاخات الحيوية وفق الملحق,2020
Solotica distribuidor de produto opticos ltda,برازيلي,الرياض,وكالة توزيع,قائمة,منتجات الموكل من العدسات اللاصقة وفق العقد,2020
Natural looks trading ltd,بريطاني,الرياض,وكالة توزيع,قائمة,منتجات الموكل من العطور ومستحضرات التجميل,2020
Rnja general trading l.l.c,اماراتي,الرياض,وكالة تجارية,قائمة,منتجات الموكل من العطور ومشتقاتها ومستلزماتها,2020
"Ccube co, ltd",كوريه الجنوبيه,الرياض,وكالة تجارية,قائمة,منتجات الموكل من العوازل الحرارية للسيارات وفق العقد,2020
Otosan srl,ايطالي,الرياض,وكالة توزيع,قائمة,منتجات الموكل من القطرات الطبية الخاصة للأذان والحنجرة وفق العقد,2020
"Changzhou zhongjin medical co., ltd",الصين الشعبيه,الرياض,وكالة توزيع,قائمة,"منتجات الموكل من الكراسي المتحركة وفق العقد 
",2020
Fujifilm wako chemicals,امريكي,الرياض,وكالة توزيع,قائمة,منتجات الموكل من الكواشف الليمولية وتوزيعها,2020
Dollvet veteriner asi,تركي,الرياض,وكالة توزيع,قائمة,منتجات الموكل من اللقاحات البيطرية,2020
Sam american international inc,امريكي,الرياض,وكالة توزيع,قائمة,منتجات الموكل من المستحضرات البشرية والمكملات الغذائية طبقا للعقد .,2020
Cosmomack s.r.l.,ايطالي,الرياض,وكالة توزيع,قائمة,منتجات الموكل من المستحضرات التجميلية المدرجة في الملحق رقم (أ) المرفق بالعقد.,2020
"Galenicum health, s.l",اسباني,الرياض,وكالة توزيع,قائمة,منتجات الموكل من المستحضرات الصيدلانية المذكورة بالعقد,2020
Savvy pharma,اردني,الرياض,وكالة توزيع,قائمة,منتجات الموكل من المستحضرات الصيدلانية المرفقة بالعقد,2020
Mylan s.a.s.,فرنسي,الرياض,وكالة توزيع,قائمة,منتجات الموكل من المستحضرات الصيدلانية حسب المرفق بالعقد,2020
Jsc “grindeks”,لاتيفيا,الرياض,وكالة تجارية,قائمة,منتجات الموكل من المستحضرات الصيدلانية حسب المرفق بالعقد  .,2020
Croma-pharma gmbh,نمساوي,الرياض,وكالة توزيع,قائمة,منتجات الموكل من المستحضرات الصيدلانيه,2020
Difagri,فرنسي,الرياض,وكالة توزيع,قائمة,منتجات الموكل من المستحضرات والمكملات البيطرية وغذاء الحيوانات,2020
Mdd medical device development gmbh,الماني,الرياض,وكالة توزيع,قائمة,منتجات الموكل من المستلزمات الطبية,2020
Schülke & mayr ges.m.b.h,نمساوي,الرياض,وكالة توزيع,قائمة,منتجات الموكل من المستلزمات الطبية,2020
Lily medical corporation,تايوانيه,الرياض,وكالة توزيع,قائمة,منتجات الموكل من المستلزمات الطبية ذات استخدام مرة واحدة,2020
Anhui medpurest medical technology co.ltd,الصين الشعبيه,الرياض,وكالة تجارية,قائمة,منتجات الموكل من المستلزمات الطبية وفقا لعقد,2020
Bioplax italia s.r.l,ايطالي,الرياض,وكالة توزيع,قائمة,منتجات الموكل من المستلزمات والأدوات الطبية وفق الملحق أ,2020
Advance medical desing,امريكي,الرياض,وكالة توزيع,قائمة,منتجات الموكل من المستهلكات والأغطية الطبية لغرف العمليات,2020
Smiths medical international limited,بريطاني,الرياض,وكالة توزيع,قائمة,منتجات الموكل من المضخات الوريدية واطقم ووصلات اعطاء المحاليل الوريدية,2020
Dhaman medical disinfectant co. w.l.l,بحريني,الرياض,وكالة تجارية,قائمة,منتجات الموكل من المطهرات والمعقمات الطبية (وفقًا للملحق 1),2020
Performace edge company ltd,غانيه,الرياض,وكالة توزيع,قائمة,منتجات الموكل من المعادن الثمينة والذهب,2020
"Via actual-comercio internacional, lda",برتغاليه,الرياض,وكالة توزيع,قائمة,منتجات الموكل من المعدات الطبية (كراسي العلاج والكراسي متعددة الأغراض وكراسي النسا والتوليد وكراسي التبرع بالدم وأسرة المستشفيات).,2020
Puralife llc,امريكي,الرياض,وكالة توزيع,قائمة,منتجات الموكل من المكملات الغذائية,2020
Wakunaga of america co ltd,امريكي,الرياض,وكالة توزيع,قائمة,منتجات الموكل من المكملات الغذائية,2020
Medtrition middle east llc,امريكي,الرياض,وكالة توزيع,قائمة,منتجات الموكل من المكملات الغذائية وأغذية طبية .,2020
Veesure animal health,هندي,الرياض,وكالة توزيع,قائمة,منتجات الموكل من المكملات الغذائية ومنتجات صحة الحيوان  ونظافة المزارع,2020
Conide infraestrutura e tecnologia eireli,برازيلي,الرياض,وكالة تجارية,قائمة,منتجات الموكل من الملاجى والسجون المنقلة و صيانتها وفق العقد,2020
Nam tien johnt stock company,فيتناميه,الرياض,وكالة توزيع,قائمة,منتجات الموكل من المنتجات البيطريه,2020
"Abbott diagnostics korea, inc.",كوريه الجنوبيه,الرياض,وكالة توزيع,قائمة,منتجات الموكل من المنتجات الجزيئية والتشخيصية وأنظمة التحاليل المخبرية وغيرها وفق الملحق المرفق في العقد.,2020
Chiesi farmaceutici s.p.a,ايطالي,الرياض,وكالة توزيع,قائمة,منتجات الموكل من المنتجات الطبية حسب المرفق بالعقد,2020
Ricerfarma s.r.l,ايطالي,الرياض,وكالة توزيع,قائمة,منتجات الموكل من المنتجات الطبيه  المستخدمة في علاج التهاب الجيوب الأنفية,2020
Ricerfarma s.r.l,ايطالي,الرياض,وكالة توزيع,قائمة,منتجات الموكل من المنتجات الطبيه المستخدمة في علاج امراض اللثه,2020
United veterinary drugs industrial company ltd,اردني,الرياض,وكالة توزيع,قائمة,منتجات الموكل من المنتجات والادوية البيطرية واضافات الاعلاف,2020
Vb pharma corporation,فيتناميه,الرياض,وكالة توزيع,قائمة,منتجات الموكل من المنتجات والادوية البيطرية واضافات الاعلاف,2020
Lerik for general trading co,اردني,الرياض,وكالة توزيع,قائمة,منتجات الموكل من المواد  التجميل والمطهرات ( بخاخ كونان - شامبو كونان - كوزما كريم - كوميب - كوماكس - كوجلايد - كوبلس ) وغيرها حسب المرفق بالعقد,2020
Jerash pharmaceuticals ltd. co.,اردني,الرياض,وكالة توزيع,قائمة,منتجات الموكل من المواد التجميل والمطهرات ( شراب جوسبان وديلاموك – مرهم الجيزال باوم - بيتاكال – كيلي شامبو ضد القمل – بخاخ للانف والتنفس – الجيزال كولد – كريم فيكسوديرم ) وغيرها حسب المرفق بالعقد,2020
"Weifang thx imp & exp co., ltd",الصين الشعبيه,الرياض,وكالة تجارية,قائمة,منتجات الموكل من المواد الكميائية و الاضافات العلفية وفق العقد,2020
Usk kimya a.s.,تركي,الرياض,وكالة تجارية,قائمة,منتجات الموكل من المواد الكيميائية المتخصصة لقطاعات النفط والغاز والحفر والتعدين والصناعة والمواد اللاصقة والعازلة والمنظفات,2020
"Anhui tianrun chemicals co.,ltd",الصين الشعبيه,الرياض,وكالة تجارية,قائمة,منتجات الموكل من المواد الكيميائية لقطاعات النفط والغاز والحفر ومعالجة المياه والتعدين والصناعة والمواد اللاصقة والعازلة والمنظفات,2020
"Hainan dongfang dahui starch products co., ltd",الصين الشعبيه,الرياض,وكالة تجارية,قائمة,منتجات الموكل من المواد الكيميائية لقطاعات النفط والغاز والحفر ومعالجة المياه والتعدين والصناعة والمواد اللاصقة والعازلة والمنظفات,2020
American flash inc,امريكي,الرياض,وكالة تجارية,قائمة,منتجات الموكل من المواد النظافة والصرف الصحي وفق العقد,2020
Suzhou hengrun import & export corp> ltd,الصين الشعبيه,الرياض,وكالة توزيع,قائمة,منتجات الموكل من المواد والمعدات الطبية,2020
Harbin ropv industrial co. ltd,صينيه وطنيه - تايوان,الرياض,وكالة توزيع,قائمة,منتجات الموكل من اوعية ضغط المياه,2020
Puritas private limited,سيلاني,الرياض,وكالة توزيع,قائمة,منتجات الموكل من تطهير المياه وفق ملحق أ,2020
"Global feed, s.l",اسباني,الرياض,وكالة توزيع,قائمة,منتجات الموكل من تغذية الحيوانات,2020
Agrale s. a.,برازيلي,الرياض,وكالة تجارية,قائمة,منتجات الموكل من توريد وتوطين تقنية صناعة السيارات العسكرية وقطع الغيار الخاصة بها وصيانتها والتدريب عليها مع الخدمات,2020
I. sens,كوريه الجنوبيه,الرياض,وكالة توزيع,قائمة,"منتجات الموكل من جهاز تحليل عاز الدم وخرطوش ( كارتدريج ) و ضبط النوعية حسب الملحق ( ب )
",2020
Intelligent fingerprinting ltd.,بريطاني,الرياض,وكالة توزيع,قائمة,منتجات الموكل من جهاز ماسح وقارىء مع طابعة ومستلزماته لكشف المخدرات حسب الملاحق المرفقة بالعقد.,2020
Egyptian international coffee company,مصري,الرياض,وكالة توزيع,قائمة,"منتجات الموكل من حبوب القهوة المحمصة، ومنتجات القهوة، وكبسولات القهوة، ومنتجات البن.


",2020
Essity hygiene and health ab,سويديه,الرياض,وكالة توزيع,قائمة,منتجات الموكل من حفاضات الأطفال ومنتجات الرعاية النسائية ومنتجات العناية بسلس البول، وكذلك المناديل الورقية حسب المرفق بالعقد,2020
"Shin poong pharmaceutical .co ,.ltd",كوريه الجنوبيه,الرياض,وكالة تجارية,قائمة,منتجات الموكل من حقن ميد يكورتين وفق العقد,2020
Cellpack ag,سويسري,الرياض,وكالة توزيع,قائمة,منتجات الموكل من ذات فولطية منخفضه وصلات كوابل وملحقات توصيل التقنية والعزل الكهربائي واشرطة التثبيت,2020
Gp global mag  llc,اماراتي,الرياض,وكالة توزيع,قائمة,منتجات الموكل من زيوت المحركات بأنواعها ، سوائل تبريد ، شحوم ، زيوت لأنظمة الكوابح ، زيوت تزليق لنواقل السرعة ، زيوت صناعية,2020
Linktech engineering private ltd,هندي,الرياض,وكالة تجارية,قائمة,منتجات الموكل من سلالم الصرف الصحي,2020
Ford motor company,امريكي,الرياض,وكالة توزيع,قائمة,منتجات الموكل من سيارات فورد ( لينكولن ) وصيانتها وقطع غيارها .,2020
Automobiles peugeot,فرنسي,الرياض,وكالة توزيع,قائمة,منتجات الموكل من سيارات مختلفة الاحجام وقطع غيارها واكسسواراتها,2020
Baroco n.v,بلجيكي,الرياض,وكالة توزيع,قائمة,منتجات الموكل من شاشات العرض الطبية وقطع غيارها وفق العقد,2020
Chungdo pharm co. ltd,كوريه الجنوبيه,الرياض,وكالة تجارية,قائمة,منتجات الموكل من شرائط تحليل البول  ومحلل البول,2020
Wellbore integrity solutions llc,امريكي,الرياض,وكالة تجارية,قائمة,منتجات الموكل من صيانة أبار البترول والنفط وفق الجدول 2,2020
Brightwake ltd,بريطاني,الرياض,وكالة تجارية,قائمة,"منتجات الموكل من ضمادات بالعسل , ضمادات عالية الامتصاص , ضمادات اسفنجية , ضمادات بالسيليكون .",2020
Diehl metering gmbh,الماني,الرياض,وكالة توزيع,قائمة,منتجات الموكل من عدادات قياس المياه و الطاقة الحراريةو الغاز والكهرباء والاجهزة,2020
Misr company for specialized electronics and training equipment,مصري,الرياض,وكالة توزيع,قائمة,منتجات الموكل من عمل مياديين الرماية للاسلحة الصغيرة والمتوسطة المفتوحة والمغلقة,2020
Cgr cornelio ghinassi ricambi s p a,ايطالي,الرياض,وكالة توزيع,قائمة,منتجات الموكل من قطع غيار المعدات الثقيلة,2020
"Zhucheng three dimensional pipeline co, ltd",الصين الشعبيه,الرياض,وكالة توزيع,قائمة,منتجات الموكل من قطع وصلات أنابيب حديد الزهر المرن ( الدكتايل),2020
Fallien cosmeceuticals ltd,امريكي,الرياض,وكالة توزيع,قائمة,منتجات الموكل من كريم لحماية البشرة من اشعه الشمس,2020
Semperit investment asia pte . ltd,سنغافوريه,الرياض,وكالة توزيع,قائمة,منتجات الموكل من كفوف الفحص بموديلات مختلفة وفق الملحق ( 1 ),2020
Carestream dental technology topco ltd,بريطاني,الرياض,وكالة توزيع,قائمة,منتجات الموكل من لوازم الأسنان أجهزة ومعدات كيرستريم دينتال للعناية بالفم (بدلاً من الكاميرات وأنظمة لوحات الفوسفور و معدات الأشعة السينية RVGs والمعدات ( ثنائية الأبعاد وثلاثية وسي إي بي إتش )، وأدوتها الأستهلاكية و قطع غيار و الخدمات كيرستريم دينتال و غيرها حسب العقد,2020
Pure life manufacturing filters & ro systems,مصري,الرياض,وكالة توزيع,قائمة,منتجات الموكل من مرشحات خرطوشة ومكونات مرشحات المياه وانظمتها,2020
R.c.m. s.r.l,ايطالي,الرياض,وكالة توزيع,قائمة,منتجات الموكل من مستحضرات التجميل,2020
Dogus cosmetics,تركي,الرياض,وكالة توزيع,قائمة,منتجات الموكل من مستحضرات التجميل,2020
Murjan international corporation,امريكي,الرياض,وكالة توزيع,قائمة,منتجات الموكل من مستحضرات التجميل,2020
Beauty solutions ltd,امريكي,الرياض,وكالة توزيع,قائمة,منتجات الموكل من مستحضرات التجميل والعناية بالبشرة,2020
Ventoni cosmetics ”ltd,بلغاري,الرياض,وكالة تجارية,قائمة,"منتجات الموكل من مستحضرات التجميل والعناية بالبشرة والشعر 
",2020
"Di angelo cosmetics, s.r.o..",تشيكي,الرياض,وكالة توزيع,قائمة,"منتجات الموكل من مستحضرات التجميل وفق العقد.

",2020
"L,or d,afrique sarl",مغربي,الرياض,وكالة تجارية,قائمة,منتجات الموكل من مستحضرات العناية الشخصية والزيوت الطبيعية .,2020
Rotor tech inc,امريكي,الرياض,وكالة توزيع,قائمة,منتجات الموكل من مضخات التروس الدوارة ذات الإزاحة الموجبة,2020
Lewa gmbh,الماني,الرياض,وكالة تجارية,قائمة,منتجات الموكل من مضخات القياس ( مضخات المراقبة الحجمية المتبادلة ) ايكودوس واعمال الخدمة وتوريد قطع الغيار .,2020
Lanfeng technology inc,الصين الشعبيه,الرياض,وكالة توزيع,قائمة,منتجات الموكل من مضخات الوقود وقطع غيارها...,2020
Zenit europe sa,لوكسمبرغيه,الرياض,وكالة توزيع,قائمة,منتجات الموكل من مضخات لاستعمالات المياه والصرف الصحي,2020
Delaval export ab,سويديه,الرياض,وكالة توزيع,قائمة,منتجات الموكل من معدات المزارع  حلب الحليب - معالجة وتصنيع الحليب - معدات تبريد الحليب وغيرها  وفق العقد,2020
Rocktec infra and mining pvat ltd,هندي,الرياض,وكالة توزيع,قائمة,منتجات الموكل من معدات ثقب الصخور ، مستلزمات الثقب مثل المحولات اليدوية والمطرقات ومواسير الحفر وادوات التاسيس ولقم ثلاثية المخاريط وكابحات الصخور والازميل,2020
Lichfield fire safety equipment co ltd,بريطاني,الرياض,وكالة توزيع,قائمة,منتجات الموكل من معدات مكافحة الحريق والسلامة وفق العقد,2020
Clearpack singapore pte ltd,سنغافوريه,الرياض,وكالة توزيع,قائمة,منتجات الموكل من مكائن وفق العقد,2020
1,مصري,الرياض,وكالة توزيع,قائمة,"منتجات الموكل من مكملات غذائية عامة وكالسيوم وفتامينات وحديد للعظام وفقر الدم وعلاج ضعف الانتصاب ومضادات للقيء 
",2020
Knauf   rak fze,اماراتي,الرياض,وكالة توزيع,قائمة,منتجات الموكل من من الالواح الجبسية المقاومة للحريق والانظمة الخاصة بمقاومة انتشار الحريق,2020
Audit microcontrols inc.,امريكي,الرياض,وكالة توزيع,قائمة,منتجات الموكل من منتجات التحكم بالنوعية مخبرية متنوعة,2020
Nabiotech s.r.l,ايطالي,الرياض,وكالة توزيع,قائمة,منتجات الموكل من منتجات تربية الحيوانات والمنتجات البيئية حسب العقد,2020
Al eiman for cosmetics & disinfectants factory,اردني,الرياض,وكالة توزيع,قائمة,منتجات الموكل من مواد التجميل والمطهرات - جي سايد لتدليك الأيدي ، مطهر إنسايد – كحول بخاخ ، ماكس ، مطهر لتنظيف الجلد – بوفودين – كلوروهيكسيدين ، إنسايد هاي هاي جارد ، غسول فم ، مينتو فيكس جل ، ألترا ساوند جل ... وغيرها حسب المرفق بالعقد,2020
Gipedotechniki ltd,يونانيه,الرياض,وكالة تجارية,قائمة,منتجات الموكل من مواد وادوات ارضية للملاعب وفق العقد,2020
Kewanuee labway asia pte ltd.,سنغافوريه,الرياض,وكالة تجارية,قائمة,"منتجات الموكل من:
- أثاث المعامل
- كمة الدخان (غطاء الدخان والأبخرة)، وخزائن السلامة البيولوجية، السريان الرقائقي
- دهان الإيبوكس لأسطح العمل بالمعامل
- تركيبات وتجهيزات المعامل
- الملحقات الإضافية بالمعامل
- جميع الأصناف والبنود التي تقدمها شركة كيواوني",2020
Connec operations pty ltd,استرالي,الرياض,وكالة توزيع,قائمة,"منتجات كونيك من قابس للربط, وصلات الربط المتقابلة, قابس الفصل, الغطاء الخارجي, مقبس علبة توصيل الكهرباء, قابس مثبت بالمسامير والبراغي, وصلات قابس مثبت بالمسامير والبراغي , محول مثبت بالبراغي, مقبس علبة توصيل الكهرباء مثبت بالمسامير والبراغي.",2020
Trouw nutrition hifeed b.v,هولندي,الرياض,وكالة توزيع,قائمة,منتجات من الاضافات العلفية,2020
Delacon biotechnik ges.m.b.h,نمساوي,الرياض,وكالة توزيع,قائمة,منتجات من الاضافات العلفية,2020
Wellbore integrity solutions fze,اماراتي,الرياض,وكالة تجارية,قائمة,منتجات موكل من صيانة أبار البترول والنفط وفق الجدول 2,2020
Dikkaya su kontrol sistemleri san,تركي,الرياض,وكالة توزيع,قائمة,منجات الموكل من الصمامات وفق العقد,2020
Shc general trading llc,اماراتي,الرياض,وكالة توزيع,قائمة,منجات الموكل من المطهرات والمنظفات طبقا لملحق العقد,2020
Victor medical instruments co ltd,صينيه وطنيه - تايوان,الرياض,وكالة توزيع,قائمة,منجات الموكل من المعدات الطبية طبقا لملحق العقد,2020
Dd franchising int limited,بريطاني,جده,وكالة امتياز,قائمة,(فتح وتشغيل محلات بيع الأطعمة والمشروبات الساخنة والباردة تحت العلامة التجارية دم دم وفقًا للعقد),2020
Medkonsult medical technology s.r.o.,تشيكي,جده,وكالة توزيع,قائمة,(منتجات الموكل من اجهزة قياس ديناميكية التبول و مقياس جريان البول وفق العقد),2020
Medik hospital design gmbh nationality,الماني,جده,وكالة توزيع,قائمة,(منتجات الموكل من التجهيزات الانشائية الخاصة بالمستشفيات وفق العقد),2020
Lg electronics gulf fze,كوريه الجنوبيه,جده,وكالة توزيع,قائمة,اتفاقية توزيع منتجات الموكل من الأجهزة الكهربائية والإلكترونية والمنزلية,2020
Sd biosensor inc.,كوريه الجنوبيه,جده,وكالة توزيع,قائمة,الأجهزة والمعدات والمستلزمات الطبية وفق العقد.,2020
Lotus container shipping services llc,اماراتي,جده,وكالة تجارية,قائمة,المنتجات حيث يشمل العقد المنتجات اللوجستية و كذلك نقل الحاويات و خدمات الشحن البحري و التفريغ للبضائع و تسليمها و أعمال الخطوط الملاحية المنتظمة.,2020
Brand plus marketing fze,اماراتي,جده,وكالة توزيع,قائمة,بيع منتجات المعارض التجارية الواردة في العقد,2020
"Medica fze,company",اماراتي,جده,وكالة توزيع,قائمة,بيع منتجات الموكل من أدوات ومستحضرات التجميل وفق العقد,2020
Daimler ag,الماني,جده,وكالة توزيع,قائمة,بيع منتجات الموكل من سيارات مرسيدس-بنز وقطع غيارها وفق العقد,2020
Clinova ltd,بريطاني,جده,وكالة توزيع,قائمة,بيع وتوزيع منتجات الموكل من الأدوية (أقراص الترطيب  والمشروبات لعلاج الجفاف) وفق العقد.,2020
Sader legal publishing,اماراتي,جده,وكالة توزيع,قائمة,تقديم خدمات النشر والبحوث والدراسات وفق العقد.,2020
Orkin systems llc,امريكي,جده,وكالة توزيع,قائمة,تقديم خدمات مكافحة الحشرات والافات,2020
Zdorovye,اوكراني,جده,وكالة تجارية,قائمة,توريد الادوية البشرية و مستحضرات التجميل والاجهزة الطبية وفق العقد,2020
Bomag gmbh,الماني,جده,وكالة توزيع,قائمة,توزيع متجات الموكل من معدات الطرق و المعدات الثقيلة الأخرى وفقا للعقد,2020
Lysoform dr. hans rosemann gmbh,الماني,جده,وكالة توزيع,قائمة,توزيع منتجات الموكل من المعقمات والمطهرات ومستحضرات التجميل وفق العقد,2020
"Shenzhen kejali technilogy co., ltd.",الصين الشعبيه,جده,وكالة تجارية,قائمة,توزيع منتجات للموكل من الانابيب وفق العقد.,2020
Efs logistics (india) private limited,هندي,جده,وكالة خدمات,قائمة,خدمات الموكل من النقل البري والجوي والبحري واللوجستية وفق العقد,2020
Ice world international b.v.,هولندي,جده,وكالة خدمات,قائمة,خدمات الموكل من تصميم وانتاج وتاجير وبيع حلبات التزلج بالمطابقة لما في العقد,2020
Interacoustics a/s,دنمركيه,جده,وكالة توزيع,قائمة,منتجات الموكل  مجموعة متنوعة من الاجهزة السمعية وفق للعقد,2020
Gd overseas sa,سويسري,جده,وكالة توزيع,قائمة,منتجات الموكل (جراف) من ساعات ومجوهرات وقلادات وحلقان وأساور وخلاخيل وخواتم وأقلام وأزرار الأكمام,2020
Otodynamics,بريطاني,جده,وكالة توزيع,قائمة,منتجات الموكل اجهزة قياس السمع لكبار السن والمواليد وفق للعقد,2020
Aerofusion technology llc,امريكي,جده,وكالة تجارية,قائمة,منتجات الموكل الخاصة بالطلاء الحراري ووحدة الرش الحراري وفق العقد,2020
Amity limited,بريطاني,جده,وكالة توزيع,قائمة,منتجات الموكل محاليل طبية واجهزة قياس تعقيم,2020
Covalon technologies ltd.,كندي,جده,وكالة تجارية,قائمة,منتجات الموكل من  الأجهزة والمعدات الطبية وفق العقد,2020
"Mcube technology co., ltd.,",كوريه الجنوبيه,جده,وكالة توزيع,قائمة,"منتجات الموكل من (المعدات أوالمنتجات) الطبية طبقا لما ورد في العقد


",2020
Marioff corporation oy,فنلنديه,جده,وكالة توزيع,قائمة,منتجات الموكل من أجهزة إطفاء الحرائق والمولدات وأجهزة الكشف عن الحريق وفق العقد,2020
Gonotec gesellsehaft  fur mess- und regeltechnik mbh,الماني,جده,وكالة توزيع,قائمة,منتجات الموكل من أجهزة قياس التناضح الطبية وفق العقد,2020
Madcosmetics company s.p.c,بحريني,جده,وكالة توزيع,قائمة,منتجات الموكل من أدوات ومستحضرات التجميل  وفق العقد,2020
Reach surgical inc,الصين الشعبيه,جده,وكالة توزيع,قائمة,منتجات الموكل من الأجهزة الطبية,2020
Arjo middle east fz llc,اماراتي,جده,وكالة توزيع,قائمة,منتجات الموكل من الأجهزة الطبية وأثاث المستشفيات وفقاً للعقد,2020
Vitrolife gmbh,الماني,جده,وكالة توزيع,قائمة,منتجات الموكل من الأجهزة والمستلزمات الطبية وفق العقد,2020
Teoxane sa,سويسري,جده,وكالة توزيع,قائمة,منتجات الموكل من الأجهزة والمستلزمات الطبية وفق العقد.,2020
"Unimicro medical systems (shenzhen) co.,ltd",الصين الشعبيه,جده,وكالة توزيع,قائمة,منتجات الموكل من الأجهزة والمعدات والمستلزمات الطبية,2020
Cooper sir jekyll fertility & genomic solutions,دنمركيه,جده,وكالة توزيع,قائمة,منتجات الموكل من الأجهزة والمعدات والمستهلكات والمستلزمات والكواشف المخبرية الطبية,2020
Sanibel suppiy a/s,دنمركيه,جده,وكالة توزيع,قائمة,منتجات الموكل من الأدوات السمعية وفق العقد,2020
Hansaton akustik gmbh,الماني,جده,وكالة توزيع,قائمة,منتجات الموكل من الأدوات السمعية وفق العقد,2020
Algerian spanish pharmaceutical international aspi,جزائري,جده,وكالة تجارية,قائمة,منتجات الموكل من الأدوية البيطرية و منتجات الاضافات العلفية الغير دوائية,2020
Laboratoria pablo cassara s.r.l.,ارجنتيني,جده,وكالة تجارية,قائمة,منتجات الموكل من الأدوية الطبية وفق العقد,2020
Limited liability company (grotex),روسيه,جده,وكالة توزيع,قائمة,منتجات الموكل من الأدوية و المستحضرات الطبية  وفق العقد,2020
ادويا,مصري,جده,وكالة تجارية,قائمة,منتجات الموكل من الادوية البشرية و البيطرية وفق الملحق 1,2020
Mistav ilac ve tavukculuk sanayi tic,تركي,جده,وكالة توزيع,قائمة,منتجات الموكل من الادوية البيطرية والإضافات العلفية الغير دوائية وفق العقد,2020
Eagle vet tech co. ltd,كوريه الجنوبيه,جده,وكالة تجارية,قائمة,منتجات الموكل من الادوية البيطرية والاضافات العلفية غير الدوائية,2020
Boston biopharma inc,امريكي,جده,وكالة تجارية,قائمة,منتجات الموكل من الادوية الطبية وفق العقد,2020
Daewoong pharmaceutical co.ltd,كوريه الجنوبيه,جده,وكالة توزيع,قائمة,منتجات الموكل من الادوية الطبية وفق العقد,2020
Kashiv biosciences llc,امريكي,جده,وكالة توزيع,قائمة,منتجات الموكل من الادوية الطبية وفق العقد,2020
Amorvet,هندي,جده,وكالة توزيع,قائمة,منتجات الموكل من البخاخات العشبيه,2020
Minerets technology co,اردني,جده,وكالة توزيع,قائمة,منتجات الموكل من البرامج والأنظمة الحاسوبية والتراخيص اللازمة و خدماتها وصيانتها وفق العقد,2020
Qader bro international trading fz co.,اماراتي,جده,وكالة توزيع,قائمة,منتجات الموكل من التبغ ومشتقاته,2020
Montres tudor sa,سويسري,جده,وكالة توزيع,قائمة,منتجات الموكل من الساعات,2020
Buy happy marketing llp,هندي,جده,وكالة توزيع,قائمة,منتجات الموكل من الشامبو وفق العقد,2020
Get fresh cosmetics ltd,بريطاني,جده,وكالة توزيع,قائمة,منتجات الموكل من الصابون ومستحضرات التجميل وفق العقد,2020
Scientis sa,سويسري,جده,وكالة توزيع,قائمة,منتجات الموكل من العناية بالبشرة وفق العقد,2020
Lac acoustic company uk ltd,بريطاني,جده,وكالة توزيع,قائمة,منتجات الموكل من الكبائن العازلة للصوت المخصصة لأجهزة قياس السمع الطبية,2020
Leosons overseas corporation,امريكي,جده,وكالة توزيع,قائمة,منتجات الموكل من المستحضرات الطبية والكريمات والفيتامينات حسب العقد,2020
Vereinigte papierwarenfabriken gmbh,الماني,جده,وكالة توزيع,قائمة,منتجات الموكل من المستلزمات الطبية من أنظمة الحواجز المعقمة (مواد التغليف / العبوات الشفافة)، والأشرطة اللاصقة، وملحقات الصواني، وملحقات الحاويات، والأكياس الواقية من الغبار، وأغطية حماية الأدوات، والأقلام ذات الرأس النسيجي، وصناديق النقل، وسلال النقل الخاصة بتجهيز المستشفيات وفق العقد,2020
Efirst group sp.z..o.o.s.k,بولندي,جده,وكالة توزيع,قائمة,منتجات الموكل من المنتجات الطبية والعشبية والمكملات الغذائية وأدوات التجميل وفق العقد,2020
Calrose rice ltd,بلغاري,جده,وكالة تجارية,قائمة,منتجات الموكل من المواد الغذائية والأرز والزيوت والشوكولاتة والحليب المجفف والسائل وفق العقد تحت العلامة التجارية ( صنوايت ),2020
General medical merate,ايطالي,جده,وكالة توزيع,قائمة,منتجات الموكل من جميع اجهزة  الاكس راي مع قطع الغيار ذات الصلة وفق العقد,2020
Henriques & henriques sa,برتغاليه,جده,وكالة توزيع,قائمة,"منتجات الموكل من خزانات الارتجاع,أنظمة المطرقة المائية و أوعية الفلاتر المائية  وفق العقد .",2020
Ste bayrem trading a,تونسي,جده,وكالة توزيع,قائمة,منتجات الموكل من زيت الزيتون وفق العقد,2020
Lucas oil products inc,امريكي,جده,وكالة توزيع,قائمة,منتجات الموكل من زيوت التشحيم  وفقاً للعقد,2020
Nissan middle east fze,اماراتي,جده,وكالة توزيع,قائمة,منتجات الموكل من سيارات انفينيتي وقطع غيارها وصيانتها .,2020
Gerum hydro gmph,الماني,جده,وكالة توزيع,قائمة,"منتجات الموكل من كافة أنواع المعالجة الابتدائية لمحطات الصرف الصحي والصفايات الميكانيكية والصفابات الدقيقة والكبيرة لمياه الصرف الصحي ,الهوايات السطحية و معدات تجفيف الماء من الحمأة .",2020
"Suzhou henxiang import and export co., ltd.",الصين الشعبيه,جده,وكالة توزيع,قائمة,منتجات الموكل من مجموعة فرش تنظيف الأجهزة الطبية وفق العقد,2020
Hipokrat tbbi mlzemeler imalat ve pazar lama a.s,تركي,جده,وكالة تجارية,قائمة,منتجات الموكل من مسامير وشرائح للعظام ذات استخدام مرة واحدة وفق العقد,2020
Nural diş ticaret ltd.şti,تركي,جده,وكالة توزيع,قائمة,منتجات الموكل من مستحضرات التجميل والعناية بالبشرة و Sheida حسب العقد.,2020
Rathi transpower private limited,هندي,جده,وكالة توزيع,قائمة,منتجات الموكل من معدات نقل الطاقة الميكانيكية والقارنات المرنه,2020
Arvand swiss gmbh,سويسري,جده,وكالة توزيع,قائمة,منتجات الموكل مواد تعقيم وفق العقد,2020
Compania oleicola siglo xxi,اسباني,جده,وكالة امتياز,قائمة,وكالة الشركة في جميع منتجاتها التجميلية و الغذائية,2020
Skf eurotade ab,سويديه,الدمام,,قائمة,,2019
Master tech,اماراتي,الدمام,,قائمة,,2019
Le petit-fils de l.u chopard & cie s.a ,سويسري,الرياض,,قائمة,,2019
Medency srl,ايطالي,الرياض,,قائمة,,2019
Novaerus ( ireland ) ltd,ايرلندي,الرياض,,قائمة,,2019
"Megagen implant co., ltd.",كوريه الجنوبيه,الرياض,,قائمة,,2019
Roberto cavalli s.p.a,ايطالي,الرياض,,قائمة,,2019
Sabre instrument valves limited,بريطاني,الرياض,,قائمة,,2019
Frostbite ice cream l.l.c,اماراتي,الرياض,,قائمة,,2019
Kockar makina kimya sanayi ve ticaret a.s,تركي,الرياض,,قائمة,,2019
Cray inc,امريكي,الرياض,,قائمة,,2019
P.t. eagle indo pharma,اندونيسي,جده,,قائمة,,2019
Vimar tarim ve hayvanilik san. tic. a.s,تركي,الرياض,,قائمة,,2019
"Zeigler bros., inc",امريكي,الرياض,,قائمة,,2019
Genereach biotechnology corporation,صينيه وطنيه - تايوان,الرياض,,قائمة,,2019
Mpa veterinary medicines and additives ,اسباني,الرياض,,قائمة,,2019
Vinterla logistics pvt ltd,هندي,الدمام,,قائمة,,2019
Brainlab sales gmbh,الماني,الرياض,,قائمة,,2019
"Non-change enterprise co., ltd",تايوانيه,جده,,قائمة,,2019
Rigas farmaceitiska fabrika,لاتيفيا,الرياض,,قائمة,,2019
Haier overseas electric appliances corp. ltd,الصين الشعبيه,الدمام,,قائمة,,2019
"Laboratories conda, s.a ",اسباني,الرياض,,قائمة,,2019
Bmg pharma s. r. l,ايطالي,الرياض,,قائمة,,2019
Vidizmo llc.u.s. company,امريكي,الرياض,,قائمة,,2019
Diamed gmbh,سويسري,الرياض,,قائمة,,2019
Getinge group middle east fz-llc,اماراتي,الرياض,,قائمة,,2019
Belmar ltd company,اوكراني,جده,,قائمة,,2019
Co co dip juice and chocolate ,بحريني,الرياض,,قائمة,,2019
"Citadel casing solutions,llc",امريكي,الدمام,,قائمة,,2019
Pirelli tyre (suisse),سويسري,جده,,قائمة,,2019
Rs industria e comercio de cosmeticos e perfurmaria ltda.,برازيلي,الرياض,,قائمة,,2019
Phc corporation ,ياباني,الدمام,,قائمة,,2019
Biguine make up ,فرنسي,الدمام,,قائمة,,2019
Medline middle east fze,اماراتي,جده,,قائمة,,2019
Lexel,ارجنتيني,جده,,قائمة,,2019
Moishi limited,بريطاني,الرياض,,قائمة,,2019
East coast petroleum services,مصري,الدمام,,قائمة,,2019
"Ingenieria y tecnicas clinicas , s.a(itc,s.a)",اسباني,الرياض,,قائمة,,2019
Aeg power solutions gmbh,الماني,الدمام,,قائمة,,2019
Italmatch chemicals s.p.a,ايطالي,الدمام,,قائمة,,2019
G.b.a sri engineering and construction,ايطالي,الدمام,,قائمة,,2019
Barcom management and operation of restaurants activities llc,بحريني,الرياض,,قائمة,,2019
M. r. speciality chemicals  pvt. ltd.,هندي,الدمام,,قائمة,,2019
Copirel,فرنسي,الرياض,,قائمة,,2019
Sonva mod s.a,رومانيه,الرياض,,قائمة,,2019
Laboratoire l ideal parisien ltd,بولندي,جده,,قائمة,,2019
Digiterm kft. ,مجري,الرياض,,قائمة,,2019
"Vertech oild & gas technology co., ltd",الصين الشعبيه,الدمام,,قائمة,,2019
Baxter ag ,سويسري,الرياض,,قائمة,,2019
Pal international ltd,بريطاني,الرياض,,قائمة,,2019
Free s.a.l,لبناني,الدمام,,قائمة,,2019
Bakker oilfield supply coevorden bv,هولندي,الدمام,,قائمة,,2019
Mr global (hk) limited ,الصين الشعبيه,الرياض,,قائمة,,2019
Bgp products gmbh ,سويسري,الرياض,,قائمة,,2019
Pfizer export b.v,هولندي,الرياض,,قائمة,,2019
Plasti products inc,امريكي,الدمام,,قائمة,,2019
Nashaya boutique private limited,هندي,جده,,قائمة,,2019
Unibeleza indústria e comércio de cosméticos ltda,برازيلي,الرياض,,قائمة,,2019
Nordic air filtration a/c,دنمركيه,الدمام,,قائمة,,2019
"Tol, inc.",امريكي,الرياض,,قائمة,,2019
Officine ambrogio melesi srl ,ايطالي,الدمام,,قائمة,,2019
Westfield medical ltd,بريطاني,الرياض,,قائمة,,2019
Itt cannon llc d/b/a biw connector systems,امريكي,الدمام,,قائمة,,2019
Laboratorios tornel s.a,مكسيكيه,جده,,قائمة,,2019
Arbor networks uk ltd,بريطاني,الرياض,,قائمة,,2019
Lenovo global technology hk ltd.,هونغ كونغيه,الدمام,,قائمة,,2019
Mum's peri peri,بريطاني,جده,,قائمة,,2019
Clock spring company ,امريكي,الرياض,,قائمة,,2019
Cilek mobilya a.s ,تركي,الرياض,,قائمة,,2019
"Hangzhou jinmeng composites co.,ltd  ",الصين الشعبيه,الرياض,,قائمة,,2019
Afnanteba group,تركي,الرياض,,قائمة,,2019
Gida international group,تركي,الرياض,,قائمة,,2019
N.n.impex,هندي,الرياض,,قائمة,,2019
Tk corporation,كوريه الجنوبيه,الدمام,,قائمة,,2019
Einstein restaurant,كويتي,جده,,قائمة,,2019
Einstein restaurant,كويتي,جده,,قائمة,,2019
Einstein restaurant,كويتي,جده,,قائمة,,2019
Micoperi spa,ايطالي,الدمام,,قائمة,,2019
Retaj pharmaceuticals industries co.,اردني,الرياض,,قائمة,,2019
Zooba eats inc,موريشس,الدمام,,قائمة,,2019
Mahindra & mahindra ltd,هندي,الدمام,,قائمة,,2019
Macarthys laboratories lited,بريطاني,الرياض,,قائمة,,2019
Global art&creative(overseas) sdn.bhd,ماليزي,الرياض,,قائمة,,2019
Arion ilac san(bavet ilac san),تركي,جده,,قائمة,,2019
Tud sdn bhd,ماليزي,الرياض,,قائمة,,2019
Enotec gmbh,الماني,الدمام,,قائمة,,2019
Shanghai grandway telecom tech. co. ltd,الصين الشعبيه,الرياض,,قائمة,,2019
Ing sumetzberger gmbh,نمساوي,الرياض,,قائمة,,2019
Style rent sdn. bhd,ماليزي,الرياض,,قائمة,,2019
Thehagee co ltd,كوريه الجنوبيه,جده,,قائمة,,2019
"A&l o.c.innovations,inc d.b.a  cool capp",امريكي,جده,,قائمة,,2019
Ramcopharm ltd,بلغاري,الرياض,,قائمة,,2019
Operatec mobile accessories,الصين الشعبيه,الرياض,,قائمة,,2019
Hanan zhongsheng animal pharmaceutical co. ltd,الصين الشعبيه,الرياض,,قائمة,,2019
Smith and nephew,اماراتي,الرياض,,قائمة,,2019
Pt prowell energi indonesia,اندونيسي,الدمام,,قائمة,,2019
Missoni spa,ايطالي,الرياض,,قائمة,,2019
Societe de therapetique marocaine,مغربي,الرياض,,قائمة,,2019
Episurf europe ab,سويديه,الرياض,,قائمة,,2019
Purple surgical international limited,بريطاني,جده,,قائمة,,2019
Dagatronics corporation,كوريه الجنوبيه,الدمام,,قائمة,,2019
Acino pharma ag,سويسري,الرياض,,قائمة,,2019
Dobla logistic company,بلجيكي,جده,,قائمة,,2019
Andreas fahl medizintechnik-vertrieb gmbh,الماني,الرياض,,قائمة,,2019
Viavi solutions deutschland gmbh,الماني,جده,,قائمة,,2019
Jeil pharmaceutical co.ltd,كوريه الجنوبيه,جده,,قائمة,,2019
Rukini inc,امريكي,جده,,قائمة,,2019
The himalaya drug company,هندي,الرياض,,قائمة,,2019
Okuyucular kozmetik (loris perfume ),تركي,جده,,قائمة,,2019
Klimaoprema,كرواتي,الرياض,,قائمة,,2019
Quorion data systems gmbh,الماني,الرياض,,قائمة,,2019
"Ningbo david medical device co.,ltd.",الصين الشعبيه,الرياض,,قائمة,,2019
Jiangsu spanl co.,الصين الشعبيه,الرياض,,قائمة,,2019
Inos gmbh&co.kg ,الماني,الدمام,,قائمة,,2019
Cts netherlands bv ,هولندي,الدمام,,قائمة,,2019
Solveda optimum solving optimum recovery,مصري,الرياض,,قائمة,,2019
Ultrasafe uk ltd,بريطاني,جده,,قائمة,,2019
Yurim medical co. ltd,كوريه الجنوبيه,الرياض,,قائمة,,2019
Overseas for import and export,مصري,الرياض,,قائمة,,2019
S&g biotech inc.,كوريه الجنوبيه,الرياض,,قائمة,,2019
Rumex international co,امريكي,الرياض,,قائمة,,2019
Tatera perfumes company,كويتي,الرياض,,قائمة,,2019
Puyang chengxin oilfield chemical co. ltd.,الصين الشعبيه,الدمام,,قائمة,,2019
International canadian company investment,اردني,الرياض,,قائمة,,2019
Al-rashid trading,باكستاني,الرياض,,قائمة,,2019
Highhway special construction systems s.a. ,يونانيه,الرياض,,قائمة,,2019
Kumho tire co,كوريه الجنوبيه,الدمام,,قائمة,,2019
Flo magazacilik ve pazarlama a.s.,تركي,الرياض,,قائمة,,2019
Dmw corporation ,ياباني,الرياض,,قائمة,,2019
Capsa solutions llc,امريكي,جده,,قائمة,,2019
St&h corporation ,كوريه الجنوبيه,الدمام,,قائمة,,2019
Medsil jsc,روسيه,الرياض,,قائمة,,2019
Sorrento holding sal company,لبناني,الرياض,,قائمة,,2019
Innohome oy,فنلنديه,الدمام,,قائمة,,2019
Riwa health ug,الماني,جده,,قائمة,,2019
Tannermedico a/s,دنمركيه,الرياض,,قائمة,,2019
Medel international srl,ايطالي,الرياض,,قائمة,,2019
Churchill drilling tools rentals limited,اماراتي,الدمام,,قائمة,,2019
Breas medical ab,سويديه,الرياض,,قائمة,,2019
Alphafacts health solution bvba,هندي,الرياض,,قائمة,,2019
Daiwha,كوريه الجنوبيه,جده,,قائمة,,2019
Juniper networks international,هولندي,الرياض,,قائمة,,2019
Bleu line s.r.l,ايطالي,الرياض,,قائمة,,2019
Farqad food supply company,اردني,الرياض,,قائمة,,2019
Forty lines,مصري,الرياض,,قائمة,,2019
Hublot sa geneve,سويسري,جده,,قائمة,,2019
Hublot sa geneve,سويسري,جده,,قائمة,,2019
Hublot sa geneve,سويسري,جده,,قائمة,,2019
Ata fen veteriner malzemeleri hayvancılık paz. san. ve tic a.s,تركي,الرياض,,قائمة,,2019
Nutrabolics inc,كندي,الرياض,,قائمة,,2019
Dr.schar ag/spa,ايطالي,الرياض,,قائمة,,2019
"Woo young medical co.,ltd",كوريه الجنوبيه,الرياض,,قائمة,,2019
Jiangsu kangbao medical equipment co.,الصين الشعبيه,الرياض,,قائمة,,2019
Colorado biolabs inc.,امريكي,الرياض,,قائمة,,2019
Direx solutions limited,بريطاني,الرياض,,قائمة,,2019
Conmed corporation,امريكي,الرياض,,قائمة,,2019
Rockwool technical hnsulation ,هولندي,الدمام,,قائمة,,2019
Rise global holdings ltd,ايرلندي,الرياض,,قائمة,,2019
Mettler-toledo gmbh process analytics,سويسري,الدمام,,قائمة,,2019
Super engineering industry l.l.c,اماراتي,الدمام,,قائمة,,2019
"Tianjin medis medical device co ,ltd",الصين الشعبيه,الرياض,,قائمة,,2019
Elide fire ball pro co ltd,تايلانديه,الدمام,,قائمة,,2019
Huawei technologies co.ltd,الصين الشعبيه,الدمام,,قائمة,,2019
"Cas medical systems, inc.",امريكي,الرياض,,قائمة,,2019
Olympus europe se& co. kg ,الماني,الرياض,,قائمة,,2019
Howden compressors,بريطاني,الدمام,,قائمة,,2019
Alwahdania general trading co llc,اماراتي,الرياض,,قائمة,,2019
Ray oil tool ,بريطاني,الدمام,,قائمة,,2019
Le petit-fils de l.-u. chopard & cie s.a.,سويسري,الرياض,,قائمة,,2019
Alco valves group,بريطاني,الدمام,,قائمة,,2019
Mcmenon engineering services,بريطاني,الدمام,,قائمة,,2019
Midco oil field services free zone,مصري,الدمام,,قائمة,,2019
Elrich lifesciences pte ltd,سنغافوريه,الرياض,,قائمة,,2019
Wts spa,ايطالي,الرياض,,قائمة,,2019
Seven production and events  middie east fz-llc,اماراتي,الرياض,,قائمة,,2019
Endo-flex gmbh,الماني,الرياض,,قائمة,,2019
Rocamed,فرنسي,الرياض,,قائمة,,2019
Framesi s.p.a,ايطالي,الرياض,,قائمة,,2019
Howden roots llc,امريكي,الدمام,,قائمة,,2019
Natural serenity ltd,بريطاني,الرياض,,قائمة,,2019
Hewlett - packard europe b.v,سويسري,الدمام,,قائمة,,2019
Gulf inject llc,اماراتي,الرياض,,قائمة,,2019
Cinco corporation ,فلبيني,الرياض,,قائمة,,2019
"Transmedics, inc.",امريكي,الرياض,,قائمة,,2019
Guang dong ldnio electronics,الصين الشعبيه,الرياض,,قائمة,,2019
Dongguan jiliwang intllignt electronic,الصين الشعبيه,الرياض,,قائمة,,2019
Samsung electronics co. ltd.,كوريه الجنوبيه,جده,,قائمة,,2019
Jaguar land rover limited,بريطاني,الرياض,,قائمة,,2019
Anhui greenland biotech co . ltd,الصين الشعبيه,الرياض,,قائمة,,2019
Boost juice franchises pty ltd ,استرالي,الرياض,,قائمة,,2019
Walmark a. s ,تشيكي,الرياض,,قائمة,,2019
"Shantou new starlight plastics co.,ltd",الصين الشعبيه,جده,,قائمة,,2019
Mhk medikal tekstil sanayi ve ticaret limited sirketi,تركي,الرياض,,قائمة,,2019
Carilex medical limited company,بريطاني,الرياض,,قائمة,,2019
Alfakher tobacco ,اماراتي,الرياض,,قائمة,,2019
Probody medical aps,دنمركيه,الرياض,,قائمة,,2019
Atlantic medical products,امريكي,الرياض,,قائمة,,2019
Tecfire middle east,اماراتي,الرياض,,قائمة,,2019
Above coffee shop ,كويتي,الدمام,,قائمة,,2019
Shanghai allocacoc industrial,الصين الشعبيه,الرياض,,قائمة,,2019
"Benxi beitai ductile cast iron pipes co.,ltd ",الصين الشعبيه,الرياض,,قائمة,,2019
The independent tobacco fzf,اماراتي,الرياض,,قائمة,,2019
Klybeck life sciences ag,سويسري,الرياض,,قائمة,,2019
Nutriforce antwerpen,بلجيكي,الرياض,,قائمة,,2019
Weifang qiangyuan chemical industry co. ltd.,الصين الشعبيه,الدمام,,قائمة,,2019
Peruvian pharmaceutical s.a.c ,بيرويه,الرياض,,قائمة,,2019
Gelato international . a free hold campany ,اماراتي,جده,,قائمة,,2019
"Hangzhou hikvision digital technology co, ltd",الصين الشعبيه,جده,,قائمة,,2019
Compagnie des cristalleries de saint-louis,فرنسي,جده,,قائمة,,2019
Austand edunburgh elevators pty ltd,استرالي,الرياض,,قائمة,,2019
Pergo medikal ve ilac san.a.s,تركي,الرياض,,قائمة,,2019
Tillotts pharma a.g,سويسري,الرياض,,قائمة,,2019
"Lufkin industries, llc",امريكي,الدمام,,قائمة,,2019
Vuab pharma a.s,تشيكي,الرياض,,قائمة,,2019
Exelits healthcare s.l.,اسباني,الرياض,,قائمة,,2019
Weifang qiangyuan chemical industry co.ltd,الصين الشعبيه,الدمام,,قائمة,,2019
Carpro korea industries,كوريه الجنوبيه,الرياض,,قائمة,,2019
St. jude medical coordination center bvba ,بلجيكي,الرياض,,قائمة,,2019
Medical process,فرنسي,الرياض,,قائمة,,2019
Coffee map,كويتي,الدمام,,قائمة,,2019
Kuzey saglik urunleri ve kimya sanayi a.s,تركي,الرياض,,قائمة,,2019
Orkila international  s .a .l .off - shore ,لبناني,الرياض,,قائمة,,2019
Invidia-medical gmbh & co kg,الماني,الرياض,,قائمة,,2019
"Mozo-grau, s.a",اسباني,الرياض,,قائمة,,2019
Hebei sinoah pharm -tech co ltd ,الصين الشعبيه,الرياض,,قائمة,,2019
Oes equipment l.l.c.,اماراتي,الدمام,,قائمة,,2019
Arbor networks uk ltd.,بريطاني,الرياض,,قائمة,,2019
Hanon spring company limited,الصين الشعبيه,الرياض,,قائمة,,2019
Norel s.a,اسباني,الرياض,,قائمة,,2019
Apothecary pharmaceuticals pvt. ltd.,هندي,الرياض,,قائمة,,2019
Carre blanc distribution sas,فرنسي,جده,,قائمة,,2019
Deosen bichemical ltd.,الصين الشعبيه,الدمام,,قائمة,,2019
Arsan kaucuk plastik makina sanayi ve ticaret a.s ,تركي,الرياض,,قائمة,,2019
Infinair arabaia co.ltd,اردني,الرياض,,قائمة,,2019
Unitech offshore as,نرويجيه,الدمام,,قائمة,,2019
Zi caffe s.p.a,ايطالي,الرياض,,قائمة,,2019
Acoustic data limited,سيشل,الدمام,,قائمة,,2019
Juventus  fc  s.p.a ,ايطالي,الدمام,,قائمة,,2019
Superior energy services l.lc,امريكي,الدمام,,قائمة,,2019
Novum pharma b.v ,هولندي,الرياض,,قائمة,,2019
Medisoft sa,بلجيكي,الرياض,,قائمة,,2019
Loran srl ,ايطالي,الرياض,,قائمة,,2019
Regen lap s.a.,سويسري,الرياض,,قائمة,,2019
Nexans france,فرنسي,جده,,قائمة,,2019
Commtel networks (fzc,اماراتي,الدمام,,قائمة,,2019
Virginia institute of finance,اماراتي,الرياض,,قائمة,,2019
"Shenzhen runtianzhi digital equipment co.,ltd. rtz",الصين الشعبيه,جده,,قائمة,,2019
Colt international llc,اماراتي,الرياض,,قائمة,,2019
Extense pharma,بلجيكي,الرياض,,قائمة,,2019
La molina s.r.l,ايطالي,الرياض,,قائمة,,2019
Pcb apps l.l.c,امريكي,الدمام,,قائمة,,2019
Network intelligence india pvt. nll,هندي,الرياض,,قائمة,,2019
Oca international inspection and control society s.a,اسباني,الدمام,,قائمة,,2019
Fanem ltda,برازيلي,الرياض,,قائمة,,2019
Commtel networks fzc,اماراتي,الرياض,,قائمة,,2019
Quantel medical s.a,فرنسي,الرياض,,قائمة,,2019
Miktell ltd ,بريطاني,الرياض,,قائمة,,2019
"Supreme machinery manufacturing co., ltd.",تايلانديه,الرياض,,قائمة,,2019
"Emisshield,inc",امريكي,الدمام,,قائمة,,2019
Lkc technologies,امريكي,الرياض,,قائمة,,2019
Godfrey phillips middle east dmcc,اماراتي,الرياض,,قائمة,,2019
Tty biopharm company limited,الصين الشعبيه,الرياض,,قائمة,,2019
Sk networks co.ltd,كوريه الجنوبيه,الدمام,,قائمة,,2019
Natalie group sdn bhd,ماليزي,الرياض,,قائمة,,2019
"Postle industries, inc.",امريكي,الدمام,,قائمة,,2019
Mmm  munchener  medizin  mechanik gmbh,الماني,جده,,قائمة,,2019
Colorjet india ltd,هندي,جده,,قائمة,,2019
Umedica laboratories pvt limited,هندي,الرياض,,قائمة,,2019
Duflon industries private limited,هندي,الدمام,,قائمة,,2019
Sarepta therapeutics inc,امريكي,الرياض,,قائمة,,2019
Innovative research development company,مصري,الرياض,,قائمة,,2019
Huawei technologies co.ltd,الصين الشعبيه,الرياض,,قائمة,,2019
Huawei technologies co.ltd,الصين الشعبيه,الرياض,,قائمة,,2019
Farmabase saude animal ltda,برازيلي,الرياض,,قائمة,,2019
Veterinary and agricultural products manufacturing company ltd (va),اردني,الرياض,,قائمة,,2019
Yamaha motor co ltd,ياباني,الرياض,,قائمة,,2019
Robis sl,اسباني,الرياض,,قائمة,,2019
Pelican manufacturing pty ltd,استرالي,الرياض,,قائمة,,2019
Company arganour s.l,اسباني,الرياض,,قائمة,,2019
Seven peacock pte.ltd,سنغافوريه,الرياض,,قائمة,,2019
Probyn international inc.,امريكي,الرياض,,قائمة,,2019
Sirsidynix,امريكي,الرياض,,قائمة,,2019
Dkhoon alemaratiyah fze,اماراتي,الرياض,,قائمة,,2019
Albors srl,ايطالي,الرياض,,قائمة,,2019
Al nakheel electonics equipment repairing,اماراتي,الدمام,,قائمة,,2019
Katsan katgut sanayi ve ticaret,تركي,الرياض,,قائمة,,2019
Hidracar sa,اسباني,الرياض,,قائمة,,2019
"Ventlab, llc",امريكي,الرياض,,قائمة,,2019
Liberta co. ltd,مصري,الرياض,,قائمة,,2019
Liberta co. ltd,مصري,الرياض,,قائمة,,2019
Berthold technologies gmbh & co,الماني,الدمام,,قائمة,,2019
Uralplast services,روسيه,الدمام,,قائمة,,2019
Suecal pharmaceuticals ,مصري,الرياض,,قائمة,,2019
Rapp bomek as ,نرويجيه,الرياض,,قائمة,,2019
"Interactive network technologies,inc",امريكي,الدمام,,قائمة,,2019
"Interactive network technologies,inc",امريكي,الدمام,,قائمة,,2019
Mylan pharma gmbh,سويسري,الرياض,,قائمة,,2019
Sanigma dis  ticaret ltd sti ,تركي,الرياض,,قائمة,,2019
Sanghai hilong drill pipe.co.ltd,الصين الشعبيه,الدمام,,قائمة,,2019
Curatia medical limited,الصين الشعبيه,جده,,قائمة,,2019
Denis brinicombe group ltd,بريطاني,الدمام,,قائمة,,2019
Laboratoires bailleul international,سويسري,الرياض,,قائمة,,2019
Nukamel productions b.v,هولندي,الرياض,,قائمة,,2019
Oska textilvertriebs gmbh,الماني,الرياض,,قائمة,,2019
Allosource,امريكي,الرياض,,قائمة,,2019
German oil tools gmbh ,الماني,الدمام,,قائمة,,2019
Novo klinik-service gmbh,الماني,الرياض,,قائمة,,2019
Medical devices group srl,ايطالي,الرياض,,قائمة,,2019
Dunu premium coffee and tea limited,كينيه,جده,,قائمة,,2019
Jiangsu world chemical industry co. ltd,الصين الشعبيه,الدمام,,قائمة,,2019
Cardinal health ireland unlimited company,ايرلندي,الرياض,,قائمة,,2019
Trend pharm for pharmaceuticals,مصري,جده,,قائمة,,2019
Unitech specialty material,الصين الشعبيه,الدمام,,قائمة,,2019
Wockhardt limited,هندي,الرياض,,قائمة,,2019
Middle east veterinary vaccines,مصري,الدمام,,قائمة,,2019
Vitafor n.v,بلجيكي,الرياض,,قائمة,,2019
Dora group limited,الصين الشعبيه,الرياض,,قائمة,,2019
Alpha max group limited,هونغ كونغيه,الرياض,,قائمة,,2019
I.j.tobacco industry- f.z.c,اماراتي,الرياض,,قائمة,,2019
A1 medical gmbh,الماني,الرياض,,قائمة,,2019
Migeca s.pa,بريطاني,الرياض,,قائمة,,2019
Pharcomed s.r.l,ايطالي,الرياض,,قائمة,,2019
Nutrivitality ltd,بريطاني,الرياض,,قائمة,,2019
Pharmaforte ltd,مجري,الرياض,,قائمة,,2019
Shenzhen mellow hope pharm industrial co. ltd,الصين الشعبيه,الرياض,,قائمة,,2019
La romana ,ايطالي,الرياض,,قائمة,,2019
Unicity international inc,امريكي,الرياض,,قائمة,,2019
Eurosets s.r.l,ايطالي,الرياض,,قائمة,,2019
Getinge middle east fz-llc,اماراتي,الرياض,,قائمة,,2019
Becton dickinson international (bd),بلجيكي,الرياض,,قائمة,,2019
Yiwu think tanks trading co.ltd,الصين الشعبيه,الرياض,,قائمة,,2019
"Innovex downhole solutions, inc.",امريكي,الدمام,,قائمة,,2019
Clearwell oilfield solutions ltd,بريطاني,الدمام,,قائمة,,2019
Hamouda industry trading est,اردني,الرياض,,قائمة,,2019
Ave & vetmedic doo beograd,يوغوسلافيه,الرياض,,قائمة,,2019
Amedtec medizintechnik aue gmbh,الماني,جده,,قائمة,,2019
"Buca, c,llc",امريكي,الدمام,,قائمة,,2019
Jiwontech co. ltd.,كوريه الجنوبيه,الرياض,,قائمة,,2019
"Yongsung electric co.,ltd ",كوريه الجنوبيه,الدمام,,قائمة,,2019
Sarstedt ag & co. kg,الماني,الدمام,,قائمة,,2019
Boditech med inc,كوريه الجنوبيه,الدمام,,قائمة,,2019
Atco pharma for pharmaceutical industries,مصري,جده,,قائمة,,2019
Bitar international sal,لبناني,جده,,قائمة,,2019
Classys inc,كوريه الجنوبيه,الرياض,,قائمة,,2019
Agras delic spa italy,ايطالي,الرياض,,قائمة,,2019
Shandong dongxin new materials technology co. ltd,الصين الشعبيه,الرياض,,قائمة,,2019
Shenzhen mismon technology co. limited,الصين الشعبيه,الرياض,,قائمة,,2019
Shenzhen mismon technology co. limited,الصين الشعبيه,الرياض,,قائمة,,2019
Tianjin victory oilfield equipment manufacturing,الصين الشعبيه,الدمام,,قائمة,,2019
"Micro-tech (nanjing) co.,ltd",الصين الشعبيه,جده,,قائمة,,2019
Electrolux appliances middle east dmcc,اماراتي,الرياض,,قائمة,,2019
Ferrer internacional s.a,اسباني,الرياض,,قائمة,,2019
Nutria hellas pc,يونانيه,الرياض,,قائمة,,2019
Mikel coffee company limited,بريطاني,جده,,قائمة,,2019
Ceps engineering s.a.s,كولمبي,الرياض,,قائمة,,2019
Omni vision gmbh ,الماني,الرياض,,قائمة,,2019
Vbr turbine partners,هولندي,الدمام,,قائمة,,2019
"Sertecpet business development, corp",امريكي,الدمام,,قائمة,,2019
Anhui medical technology co.ltd,الصين الشعبيه,جده,,قائمة,,2019
Anvil international,امريكي,الدمام,,قائمة,,2019
Hommar corporation bvi co,بريطاني,الرياض,,قائمة,,2019
Nuby asia pacific limited,امريكي,جده,,قائمة,,2019
Bioq pharma ltd.,بريطاني,الرياض,,قائمة,,2019
Sanluc international,بلجيكي,الرياض,,قائمة,,2019
Anco animal nurtrition competence gmbh,نمساوي,الرياض,,قائمة,,2019
Kurita europe gmbh,الماني,الدمام,,قائمة,,2019
Sopariwala exports ,هندي,جده,,قائمة,,2019
Hangzhou valued medtech co.ltd,الصين الشعبيه,الرياض,,قائمة,,2019
Thermo fisher scientific (ashfield),امريكي,الرياض,,قائمة,,2019
Justright surgical llc ,امريكي,الرياض,,قائمة,,2019
Xsens as ,نرويجيه,الدمام,,قائمة,,2019
"Tercel oilfield products usa ,llc,dba, rubicon oilfield international",امريكي,الدمام,,قائمة,,2019
Consilient health ltd,بريطاني,الرياض,,قائمة,,2019
Botil oil tools india private limited (botil) ,هندي,الدمام,,قائمة,,2019
Astava b.v.,هولندي,الدمام,,قائمة,,2019
Mujezat al-shifa company,كويتي,الرياض,,قائمة,,2019
Reform sports sistemleri ve insaat sanayi ticaret limited,تركي,الرياض,,قائمة,,2019
Redax s.p.a,ايطالي,الرياض,,قائمة,,2019
Silverwell energy limited,بريطاني,الدمام,,قائمة,,2019
Gerolymatos international s.a;,يونانيه,الرياض,,قائمة,,2019
"Rhine lift manufacture co., ltd",الصين الشعبيه,الرياض,,قائمة,,2019
Psi pipeline services international gmbh & co. kg,الماني,الدمام,,قائمة,,2019
Voith turbo gmbh & co.kg,الماني,جده,,قائمة,,2019
Butterfly edufields pvt ltd ,هندي,الرياض,,قائمة,,2019
Josen premium llc,امريكي,الدمام,,قائمة,,2019
Alcea,فرنسي,الدمام,,قائمة,,2019
Taylor hobson trading as solatron isa,بريطاني,الدمام,,قائمة,,2019
Dan food group company,كويتي,الرياض,,قائمة,,2019
Nxstage medical,امريكي,الرياض,,قائمة,,2019
Becton dickinson b v,بلجيكي,الرياض,,قائمة,,2019
Dpk pharma ,مصري,الرياض,,قائمة,,2019
Nabil foods company,اردني,الرياض,,قائمة,,2019
Medinfo international hemoservice sa     ,فرنسي,الرياض,,قائمة,,2019
Hcs hydrocarbon solution llc  ,اماراتي,الرياض,,قائمة,,2019
Shilchar technologies limited,هندي,الدمام,,قائمة,,2019
Fire and maritime training center,هولندي,الدمام,,قائمة,,2019
Bayerische kabelwerke ag,الماني,الدمام,,قائمة,,2019
International pharmaceutical research and development company - social international,مصري,الرياض,,قائمة,,2019
"Z.i.chemicales,usa",امريكي,الرياض,,قائمة,,2019
Ivoclar vivadent ag,سويسري,الرياض,,قائمة,,2019
Tde international limited,اماراتي,الدمام,,قائمة,,2019
Technisch bureau dahlman b.v.,هولندي,الدمام,,قائمة,,2019
Delta food industries,اماراتي,الرياض,,قائمة,,2019
Melba coffee and tea co. pty ltd,استرالي,الرياض,,قائمة,,2019
"Zhongshan kingway lmage tech co,ltd",صينيه وطنيه - تايوان,الرياض,,قائمة,,2019
G. pachopos sa cosmetics,يونانيه,الرياض,,قائمة,,2019
L s o medical,فرنسي,الرياض,,قائمة,,2019
Bioveta a.s,تشيكي,الرياض,,قائمة,,2019
Spiro medical as,نرويجيه,الرياض,,قائمة,,2019
Chengdu deep diamond bit co. ltd,الصين الشعبيه,الدمام,,قائمة,,2019
Fentex medical gmbh,الماني,الرياض,,قائمة,,2019
"Liaoning ever metal forming tech co, ltd",الصين الشعبيه,الرياض,,قائمة,,2019
Profeta limited copany,بريطاني,الرياض,,قائمة,,2019
Reservoir link solutions sdn bhd,ماليزي,الدمام,,قائمة,,2019
Segway inc.,امريكي,الرياض,,قائمة,,2019
Bri well services as,نرويجيه,الدمام,,قائمة,,2019
Global maritime consultancy ltd.,بريطاني,الدمام,,قائمة,,2019
Veave technologies ,هندي,جده,,قائمة,,2019
Dbk pharma,مصري,الرياض,,قائمة,,2019
Select partners,فرنسي,الرياض,,قائمة,,2019
Sledgehammer oil tools pvt ltd,هندي,الدمام,,قائمة,,2019
Eppendorf ag,الماني,الدمام,,قائمة,,2019
"""sana pharmaceutical research ""sana pharma",اردني,الرياض,,قائمة,,2019
Eemagine medical imagine solutions gmbh,الماني,جده,,قائمة,,2019
Leica mikrosysteme vertrieb gmbh,الماني,الرياض,,قائمة,,2019
"Chengdu mechan electronice technology co., ltd",الصين الشعبيه,الرياض,,قائمة,,2019
Shandong dongxin new materials technology co. ltd.,الصين الشعبيه,الدمام,,قائمة,,2019
Penti corap sanayi ve ticaret anonim sirketi,تركي,الرياض,,قائمة,,2019
Both-well steel fittings co ltd,صينيه وطنيه - تايوان,الدمام,,قائمة,,2019
Acme chemicals (malaysia)sdn bhd,ماليزي,الدمام,,قائمة,,2019
Nutrifarm-an.tsompanidis&co e.e,يونانيه,جده,,قائمة,,2019
Paragon 28 medical devices trading limited,ايرلندي,الرياض,,قائمة,,2019
Solvay chemicals international s.a.,بلجيكي,الدمام,,قائمة,,2019
Tatera perfumes ,كويتي,الدمام,,قائمة,,2019
Mokveld valves bv ,هولندي,الدمام,,قائمة,,2019
Lebracs rubber lining pvt,هندي,الدمام,,قائمة,,2019
Wika polska ,بولندي,جده,,قائمة,,2019
Travetco ,اجنبيه,جده,,قائمة,,2019
Guangzhou xin jue neng electronic limited,الصين الشعبيه,الرياض,,قائمة,,2019
Top ten fabrics & tailors ltd company,بنجلاديشي,الرياض,,قائمة,,2019
"Sichuan chuanshi diamond bit co.,ltd",الصين الشعبيه,الدمام,,قائمة,,2019
Dalankimyaendustria.s,تركي,الرياض,,قائمة,,2019
Roofa spain co.ltd,اسباني,الرياض,,قائمة,,2019
Hitachi vantara nederland b.v,هولندي,الرياض,,قائمة,,2019
Ultraviolet devices inc,امريكي,الرياض,,قائمة,,2019
Ingresoll rand international limited,ايرلندي,الدمام,,قائمة,,2019
Aims electronics trading,اماراتي,الدمام,,قائمة,,2019
Anchor health & beauty care pvt. ltd,هندي,الرياض,,قائمة,,2019
Medin medical linnovations gmbh,الماني,الدمام,,قائمة,,2019
Raccortubi spa,ايطالي,الدمام,,قائمة,,2019
Germitec,فرنسي,الرياض,,قائمة,,2019
Delmont imaging,فرنسي,الرياض,,قائمة,,2019
Kyowa kirin inc.,امريكي,الرياض,,قائمة,,2019
Systagenix wound management limited,بريطاني,الرياض,,قائمة,,2019
Cosmo -trade for trading ,مصري,الدمام,,قائمة,,2019
Sanabel converting industries,اردني,الدمام,,قائمة,,2019
Cp pumps & systems fze,اماراتي,الدمام,,قائمة,,2019
Centraflow as,نرويجيه,جده,,قائمة,,2019
Zeochem ag ,سويسري,الدمام,,قائمة,,2019
Bed font scientific limited,بريطاني,الدمام,,قائمة,,2019
Ote pharma sol b.v.,هولندي,الرياض,,قائمة,,2019
Septodont,فرنسي,الرياض,,قائمة,,2019
"Qiananshi jintang ductile iron pipes co , ltd",الصين الشعبيه,الرياض,,قائمة,,2019
Pyrocontrole sas,فرنسي,الدمام,,قائمة,,2019
Noraker sarl,فرنسي,الرياض,,قائمة,,2019
Virtuoso consulting  company  ,اماراتي,الرياض,,قائمة,,2019
Ganikderma s.r.l.,ايطالي,الرياض,,قائمة,,2019
Meed skills surgical,باكستاني,الرياض,,قائمة,,2019
Vulcan completion products uk limited,بريطاني,الدمام,,قائمة,,2019
Menbur s.a,اسباني,جده,,قائمة,,2019
Arisglobal limited,ايرلندي,الرياض,,قائمة,,2019
Elanco animal health inc ((elanco)),سويسري,الرياض,,قائمة,,2019
Liqui moly gmbh,الماني,الرياض,,قائمة,,2019
Kiepe srl,ايطالي,الدمام,,قائمة,,2019
Hytorc unex corporation,امريكي,الدمام,,قائمة,,2019
Hetero biopharma limited,هندي,الرياض,,قائمة,,2019
Serim research corporation,امريكي,الرياض,,قائمة,,2019
Asahi kasei medical europe gmbh,الماني,الرياض,,قائمة,,2019
Metalfar prodotti industriali s.p.a,ايطالي,الدمام,,قائمة,,2019
"Shenzhen nito power source technology co., limited",الصين الشعبيه,جده,,قائمة,,2019
Trate ag,سويسري,الرياض,,قائمة,,2019
"Zhejiang semir garmet.,ltd",الصين الشعبيه,الرياض,,قائمة,,2019
Merck serono middle east fz- ltd,اماراتي,الرياض,,قائمة,,2019
Amryt pharmaceuticals dac,ايرلندي,الرياض,,قائمة,,2019
Alk-abello a/s,دنمركيه,الرياض,,قائمة,,2019
Hejawi trading est,اردني,جده,,قائمة,,2019
F a i officine di carvico spa,ايطالي,الدمام,,قائمة,,2019
Spine care technologies,امريكي,الرياض,,قائمة,,2019
Globaltermiology,مصري,جده,,قائمة,,2019
Thermo fisher scientific inc,بريطاني,الرياض,,قائمة,,2019
"Qingdao great creation trading group co,ltd",الصين الشعبيه,الدمام,,قائمة,,2019
Hadeel abualia est,اردني,الرياض,,قائمة,,2019
Malvestio,ايطالي,جده,,قائمة,,2019
"Nq industries, inc",امريكي,الرياض,,قائمة,,2019
Solution4ga sp. zo.o,بولندي,الدمام,,قائمة,,2019
Chint electric co ltd ,الصين الشعبيه,الدمام,,قائمة,,2019
"Tejas  research  & engineering  , llc",امريكي,الدمام,,قائمة,,2019
Stats (uk) ltd.,بريطاني,الرياض,,قائمة,,2019
Yousuf alrustamani investment llc. ,اماراتي,الرياض,,قائمة,,2019
Jfj general trading l.l.c,اماراتي,الرياض,,قائمة,,2019
M & i materials limited,بريطاني,الدمام,,قائمة,,2019
Fliblade ltd,بريطاني,الرياض,,قائمة,,2019
Coreall as ,نرويجيه,الدمام,,قائمة,,2019
Forum us inc,امريكي,الدمام,,قائمة,,2019
Target oilfield services – freezone,مصري,الدمام,,قائمة,,2019
Parmaprogetti s.r.l,ايطالي,الدمام,,قائمة,,2019
"Weifang qiangyuan chemical industr co.,ltd.",الصين الشعبيه,الدمام,,قائمة,,2019
Tata daewoo commercial vahicle  co.ltd,كوريه الجنوبيه,الدمام,,قائمة,,2019
Abiomed europe gmbh,الماني,الرياض,,قائمة,,2019
Anh viet trading -service ,فيتناميه,جده,,قائمة,,2019
Abiogen pharma s.p.a.,ايطالي,الرياض,,قائمة,,2019
Maersk h2s safety services a/s,دنمركيه,الدمام,,قائمة,,2019
Zhe jiang semir garment co ltd,الصين الشعبيه,الرياض,,قائمة,,2019
Siad macchine impianti s..p .a ,ايطالي,الدمام,,قائمة,,2019
Plasticon composites international contracting bv,هولندي,الدمام,,قائمة,,2019
Divasa farmavic s.a,اسباني,الرياض,,قائمة,,2019
Tartan completion systems corporation ,امريكي,الدمام,,قائمة,,2019
"Acell, inc",امريكي,الرياض,,قائمة,,2019
"Milla med, s.a",اسباني,الرياض,,قائمة,,2019
Sterigerms,فرنسي,الدمام,,قائمة,,2019
"Frontrow enterprise philippines, inc",فلبيني,الرياض,,قائمة,,2019
"Packers plus energy services u.s.a ,inc and its affiliates",امريكي,الدمام,,قائمة,,2019
Drgem corporation,كوريه الجنوبيه,الدمام,,قائمة,,2019
"Guangzhou yucaitang cosmetics co.,ltd",الصين الشعبيه,الرياض,,قائمة,,2019
Matrix surgical holdings llc,امريكي,الرياض,,قائمة,,2019
Meksmar natural & healthy products manufacturing & marketing co. ltd,تركي,الرياض,,قائمة,,2019
Ophtec b.v,هولندي,الرياض,,قائمة,,2019
"Murphy pipeline contractors,inc",امريكي,الدمام,,قائمة,,2019
Dana international ou,سويسري,الرياض,,قائمة,,2019
Bio-rad europe gmbh (bio-rad),سويسري,الرياض,,قائمة,,2019
"Weifang qiangyuan chemical industry co., ltd.",الصين الشعبيه,الدمام,,قائمة,,2019
Alliance pharmaceuticals limited,بريطاني,الرياض,,قائمة,,2019
Changshu sanfu chemical co.ltd,الصين الشعبيه,الرياض,,قائمة,,2019
Wat motor sanayi ve tic,تركي,الدمام,,قائمة,,2019
Duxiana\dux international ab,سويديه,الرياض,,قائمة,,2019
Becton dickinson international.,بلجيكي,الرياض,,قائمة,,2019
Moduresources ap pte. ltd,سنغافوريه,الدمام,,قائمة,,2019
Moduresources ap pte.ltd,سنغافوريه,الدمام,,قائمة,,2019
Linnovate technology sdn bhd,ماليزي,الدمام,,قائمة,,2019
Freez ice cream l.l.c,اماراتي,الدمام,,قائمة,,2019
Shenzhen sades digital technology co. ltd.,الصين الشعبيه,الرياض,,قائمة,,2019
Toanthang vet jsc.(eco vet vietnam),فيتناميه,الرياض,,قائمة,,2019
Iwc schaffhausen branch of richemont international sa,سويسري,جده,,قائمة,,2019
Lem compounding research ita srl,ايطالي,الرياض,,قائمة,,2019
Chimique india ltd,هندي,الرياض,,قائمة,,2019
Safadi group international gmbh,الماني,الدمام,,قائمة,,2019
"Osatu , s . coop",اسباني,الرياض,,قائمة,,2019
Carefusion 213 llc,امريكي,الدمام,,قائمة,,2019
Aerazen lab srl,ايطالي,الرياض,,قائمة,,2019
Agrocel industries pvt ltd,هندي,الدمام,,قائمة,,2019
Fertizone m sdn bhd,ماليزي,الرياض,,قائمة,,2019
Kiko s.p.a,ايطالي,الرياض,,قائمة,,2019
J-mark food company,ياباني,الدمام,,قائمة,,2019
Efectis group represented by efectis holding sas,فرنسي,الرياض,,قائمة,,2019
Zimmer biomet cmf and thoracic llc,امريكي,الرياض,,قائمة,,2019
Aco systems fze,اماراتي,الرياض,,قائمة,,2019
"Zotye international automobile trading co., ltd",الصين الشعبيه,جده,,قائمة,,2019
Rhi dinaris gmbh,الماني,الدمام,,قائمة,,2019
Hundai motors company,كوريه الجنوبيه,الرياض,,قائمة,,2019
Molyslip atlantic ltd,بريطاني,الدمام,,قائمة,,2019
Nabulsi house company for sweets and kullaj,اردني,الرياض,,قائمة,,2019
"Provet pharma pvt. ltd,",هندي,الرياض,,قائمة,,2019
Snp poland,بولندي,الدمام,,قائمة,,2019
Well flow international,امريكي,الدمام,,قائمة,,2019
"Shandong tianxin chemical co., ltd",الصين الشعبيه,الدمام,,قائمة,,2019
Aquasys technik gmbh,نمساوي,جده,,قائمة,,2019
Rolex sa,سويسري,جده,,قائمة,,2019
Immedica pharma ab,سويديه,الرياض,,قائمة,,2019
"Weifang qiangyuan chemical industry co., ltd",الصين الشعبيه,الدمام,,قائمة,,2019
Istem medikal tibbi cihaz ve sanayi ltd sti,تركي,الرياض,,قائمة,,2019
Bone support ab,سويديه,الرياض,,قائمة,,2019
Tangshan sanyou zhida calcium industry co. ltd.,الصين الشعبيه,الدمام,,قائمة,,2019
Erhard gmbh & co kg,الماني,الرياض,,قائمة,,2019
Djibouti airlines,شرق افريقيه,الرياض,,قائمة,,2019
Mk france,فرنسي,الرياض,,قائمة,,2019
Bc group international,امريكي,الرياض,,قائمة,,2019
Ufsk-international osys gmbh,الماني,الرياض,,قائمة,,2019
Midici group llc,امريكي,الدمام,,قائمة,,2019
Greenred maketing solutionsgmbh,الماني,الرياض,,قائمة,,2019
"Multice & co , ltd",صينيه وطنيه - تايوان,الرياض,,قائمة,,2019
"Corindus, inc",امريكي,الرياض,,قائمة,,2019
Weifang banghua chemical co ltd,الصين الشعبيه,الدمام,,قائمة,,2019
