agency name in arabic,agency name in english,agency nationality,city,agency type,agency status,activity
قوام اس ار ال,QUAM SRL,ايطالي,الدمام,وكالة تجارية,قائمة,"
منتجات الموكل من صمامات  مختلفة الاحجام والمقاسات للاستخدامات البترولية"
بايكون اس دي ان - بي اتش دي,BAICON SDN . NHD,ماليزي,الدمام,وكالة توزيع,قائمة,"( منتجات الموكل من الادوية الصيدلانية ( أنسولين جلارجين ) وفق العقد )
"
سكن جام للتجارة العامه,SKIN JAM GENERAL TRADING,اماراتي,الدمام,وكالة امتياز,قائمة,"(فتح وتشغيل محلات لبيع الآيس كريم, القهوة, الشاء, السكر, الأرز, التابيوكا, الطحين, المعجنات, الحلويات, .....إلخ بالعلامة التجارية (Gelato Divino)."
"	إبيجين لابس اف زد ال ال سي",EPYGEN LABS FZ -LLC,اماراتي,الدمام,وكالة تجارية,قائمة,(منتجات الموكل من الأنزيمات الكيميائية الخاصة بصناعة النفط والغاز)
"كازادور تكستيل سان. في إي. تي أي سي. ايه إس،",CAZADOR TEKSTIL SAN VE TIC AS,تركي,الدمام,وكالة تجارية,قائمة,"(منتجات الموكل من المنسوجات والملابس والاحذية التي تحمل العلامة التجارية "" CِAZADOR "" 
"
,,المملكة العربية السعودية,الدمام,وكالة توزيع,قائمة,"ابواب خشبية- ديكورات خشبية- مغاسل خشبية-خزائن-و اعمال خشبية متنوعة اخرى ونوعية المنتجات 
١- تصنيع وتوريد وتركيب وضمان صيانة مابعد البيع لجميع المنتجات"
شاندونق دونغسين كميكل اندستريال كمبني ليمتد,SHANDONG DONGXIN CHEMICAL INDUSTRIAL CO LTD,الصين الشعبيه,الدمام,وكالة تجارية,قائمة,بروميد الكالسيوم وبروميد الصوديوم وبروميد الزنك وسائل مختلط وكلوريد الكالسيوم
بي تي مدني لاستاري,PT MADANI LESTARI,اندونيسي,الدمام,وكالة تجارية,قائمة,بيع منتجات الموكل من المواد الكيميائية الخاصة بحفر ابار النفط حسب الملحق (أ) من العقد
ويل-سنس تكنولوجي ليمتد,WELL-SENSE TECHNOLOGY LIMITED,اسكتلندا,الدمام,وكالة توزيع,قائمة,تقدم خدمات نيابة عن الموكل في مجال صيانة ابار النفط والغاز
ستوكهولم بريسجن تولز,STOCKHOLM PRECISION TOOLS,سويديه,الدمام,وكالة خدمات,قائمة,تقديم الخدمات نيابة عن الموكل تشغيل وتركيب ادوات ويبستوك الدوارة للحفر
"اس تي اليكترونيكس ""انفو_سكيورتي "" بي تي أي ليمتد",ST ELECTRONICS (INFO-SECURITY) PTE.LTD.,سنغافوريه,الدمام,وكالة خدمات,قائمة,تقديم الخدمات نيابة عن الموكل في مجال أمن المعلومات و تشمل حلول عبر المجال تتكون من احاديات الاتجاه و الثنائيات و سلسلة DigisAFE الصمام الثنائي للبيانات و تركيب و تشغيل و تكميل سلسلة DigisAFE الصمام الثنائي للبيانات
ثري اكس انجينيرنج,3X ENGINEERING,موناكويه,الدمام,وكالة خدمات,قائمة,"تقديم الخدمات نيابة عن الموكل في مجال إجراءات التركيب ومراقبة الجودة والتعبئة والحلول المبتكرة لأعمال إصلاح الصيانة غير المعدنية حسب العقد
"
إي في اوفشور ليمتد,EV OFFSHORE LTD,بريطاني,الدمام,وكالة خدمات,قائمة,تقديم الخدمات نيابة عن الموكل في مجال التحليلات البصرية والتفسير الخاصة بحقول النفط
تارجت انترفنشن ايه اس النرويج,TARGET lNTERVENTION AS NORWAY,نرويجيه,الدمام,وكالة خدمات,قائمة,تقديم الخدمات نيابة عن الموكل في مجال تطوير حلول متخصصة لأدوات الحفر الخاصة بصناعة النفط والغاز).
ساينتفيك اند برودكشن انتربرايز ليمتد بورينتيخ,Limited liability company scientific and production enterprise BURINTEKH,روسيه,الدمام,وكالة خدمات,قائمة,تقديم الخدمات نيابة عن الموكل في مجال تقنية الموجه الهيدرولي في  حفر الابار والنفط والغاز وانظمة اخراج غلاف الانابيب والوصلة البينية البرمجية ولولبة الوصلات الكتفية ولقم الكريستال الالماسي PDC واللقم الالماسية واللقم الدوارة .
اس ايه اكسبلوريشن انك,"SAEXPLORATION, INC.",امريكي,الدمام,وكالة خدمات,قائمة,تقديم الخدمات نيابة عن الموكل في مجال جمع البيانات الزلزالية السحاحلية
بور دريلينغ مانجمنت د م سي سي,BORR DRILLING MANAGEMENT DMCC,اماراتي,الدمام,وكالة خدمات,قائمة,تقديم الخدمات نيابة عن الموكل في مجال حفر اَبار النفط والغاز البرية والبحرية
شركة هاليبورتون انرجي سيرفيسيز انك,Halliburton Energy Services Inc.,المملكة العربية السعودية,الدمام,وكالة عقد داخلي,قائمة,تقديم الخدمات نيابة عن الموكل في مجال حفر و صيانة ابار النفط والغاز والخدمات ذات الصلة
سي تي داونهول المتخصصة,CT SPECIALIZED DOWNHOLE,امريكي,الدمام,وكالة خدمات,قائمة,تقديم الخدمات نيابة عن الموكل في مجال حفر وصيانة ابار النفط والغاز
سي ان بي سي بو هاي ديرلينج انجنرينج المحدودة,CNPC BOHAI DRILLING ENGINEERING COMPANY LIMTED,الصين الشعبيه,الدمام,وكالة خدمات,قائمة,تقديم الخدمات نيابة عن الموكل في مجال حقل آبار النفط.
سينتكس انجنيرنج سيرفيسز ليمتد,SYNTEX ENGINEERING SERVICES LTD,بريطاني,الدمام,وكالة توزيع,قائمة,تقديم الخدمات نيابة عن الموكل في مجال فحص و صيانة معدات صناعة الزيت والغاز والطاقة والصناعة
دويديجنس بي في,DOEDIJNS B.V.,هولندي,الدمام,وكالة خدمات,قائمة,"تقديم الخدمات نيابة عن الموكل في مجال نظم أخذ العينات للزيت والغاز واخذ عينات السوائل والغازات في خطوط الانابيب .
"
فالفي تايت بي في,Valvetight BV,هولندي,الدمام,وكالة تجارية,قائمة,تقديم خدمات نيابة عن الموكل في مجال تقنية مانع التسرب للصمامات وصيانتها
فيكينج كومبليشن تكنولوجي ش م ح,VIKING COMPLETION TECHNOLOGY,اماراتي,الدمام,وكالة خدمات,قائمة,تقديم خدمات نيابة عن الموكل في مجال صناعة حقول النفط والغاز الطبيعي
بوند كوت انك,Bond Coat Inc,امريكي,الدمام,وكالة خدمات,قائمة,تقديم خدمات نيابة عن الموكل في مجال صيانة انابيب النفط والغاز والمعدات البترولية والصناعة
نافتوسرويس اس بي زوو,NAFTOSERWSE. SP. ZO. .O,بولندي,الدمام,وكالة توزيع,قائمة,تقديم خدمات نيابة عن الموكل في مجال صيانة وفحص وتنظيف انابيب وخزانات البترول
بايبلاين تكنيك ليميتد,PIPELINE TECHNIQUE LTD.,اسكتلندا,الدمام,وكالة خدمات,قائمة,"تقديم خدمات نيابة عن الموكل في مجال صيانة ولحام وطلاء انابيب الغاز والبترول
"
انتيجريتيد ويلهيد سيرفيسيز,Integrated Wellhead Services,بحريني,الدمام,وكالة خدمات,قائمة,تقديم خدمات نيابة عن الموكل في مجال لحام قمصان رؤوس الابار  والتنقيب و حفر ابار النفط والغاز
اندستريال ساينتفك,INDUSTRIAL SCIENTIFIC,امريكي,الدمام,وكالة توزيع,قائمة,عقد توريد وتوزيع وصيانة
خوخ ومشمش للمرطبات والمأكولات الخفيفة والآيسكريم,"KHOKH WE MESHMESH REFRESHMENT, LIGHT SNAKES & ICE CREAM CO",كويتي,الدمام,وكالة امتياز,قائمة,"فتح سلسلة من المحلات لتقديم المأكولات الخفيفة والآيسكريم (تحت علامة تجارية ""خوخ ومشمش"")"
تاستر ز تشويز ش ش ر,TASTERS CHOICE S P C,بحريني,الدمام,وكالة توزيع,قائمة,فتح محل لتقديم الوجبات السريعة  بعلامة تجارية ( شيكي ووك -  CHICKY WOK)
,,المملكة العربية السعودية,الدمام,وكالة امتياز,قائمة,فتح وتشغيل سلسلة مطاعم لتقديم الوجبات والمشروبات الباردة والساخنة للمنطقة الشرقية فقط
,,المملكة العربية السعودية,الدمام,وكالة امتياز,قائمة,فتح وتشغيل سلسلة من المحلات لتقديم الوجبات الخفيفة والمشروبات الحارة والباردة
فلمار اس اي,VILMAR SA,رومانيه,الدمام,وكالة تجارية,قائمة,متنجات الموكل من فلنجات ووصلات الانابيب وقطع غيارها حسب العقد
بيتر برذر هود ليمتد,PETER BROTHERHOOD,بريطاني,الدمام,وكالة توزيع,قائمة,"منتاجات الموكل معدات والآلات البخارية والكمبريسورات الغازية والتور بينات وقطع غيارها 
"
اشيدااليكترونيكسبي في تي. ال تي دي,ASHIDA ELECTRONICS PVT. LTD,هندي,الدمام,وكالة توزيع,قائمة,منتجات الشركة الموكلة من أجهزة تحكم وحماية المنظومات الكهربائية
شيننا كوربوريشن,CHHENNA CORPORATION,هندي,الدمام,وكالة توزيع,قائمة,"منتجات الموكل : المخطط الكهربائي للقلب , الأجنه , تي أم تي , اوراق اختبار الاجهاد ,الجل الخاص بالمخطط الكهربائي للقلب , الموجات فوق الصوتيه"
يوشيان جينجانجيو فراكشرنغ بروبانت,YUXIAN JINGANGYU FRACTURING PROPPANT CO.LTD,الصين الشعبيه,الدمام,وكالة توزيع,قائمة,منتجات الموكل دعامات من السيراميك المستخدمة في حفر ابار النفط والغاز  وقطع غيارها
أي بي بي اكورا سبلاي ليميتد,IPP Accura Supply LTD,بريطاني,الدمام,وكالة تجارية,قائمة,منتجات الموكل صمامات الأمان مختلفة الاحجام والمقاسات
فلو كنترول تكنولوجي,FLOW CONTROL TECHNOLOGIES,فرنسي,الدمام,وكالة توزيع,قائمة,منتجات الموكل صمامات مختلفة الاحجام والمقاسات
بايبلاين ديفولبمينت كمبني,PIPELINE DEVELOPMENT COMPANY,امريكي,الدمام,وكالة تجارية,قائمة,"منتجات الموكل في الوصلات والفلنجات وموانع التسرب والسدادات

"
داونهول اند ديسنين انترناوشونال كوبريشن,Downhole & Design International Corporation,امريكي,الدمام,وكالة توزيع,قائمة,"منتجات الموكل معدات ضد الانتفاخ, صمامات إعاده الضغط, أنابيب تفريغ الخ"
ماغينيترول انترناشونال ان في,MAGNETROL INTERNATIONAL N.V,بلجيكي,الدمام,وكالة توزيع,قائمة,منتجات الموكل من  معدات والآت و أدوات تحكم والقياس .
كيمان بروسيس سوليوشنز,KIMMAN PROCCES SOLUTIONS B.V,هولندي,الدمام,وكالة تجارية,قائمة,"منتجات الموكل من : معدات وأجهزة لأخذ عينات الغاز أتوماتيكياً،معدات وأجهزة لأخذ عينات بالمزج النفثي ،معدات وأجهزة لأخذ عينات انشطوية سريعه ،معدات وأجهزة لأخذ عينات مسبارية"
جيبروتك انترناشيونال ش م ح,GEOPROTECH INTERNATIONAL FZC,اماراتي,الدمام,وكالة توزيع,قائمة,منتجات الموكل من آلات الحفر عالية السرعة وذات العزم عالي الدوران لنشر الانابيب ومعدات الحفر الآلية الهيدروليكية والثابتة متعددة الحلقات وذات العزم المنخفض حسب العقد
شينزن نيو اندستريز بيوميديكال انجنيرينج ليميتد,"SHENZHEN NEW INDUSTRIES BIOMEDICAL ENGINEERING CO., LTD",الصين الشعبيه,الدمام,وكالة تجارية,قائمة,منتجات الموكل من أجهزة المختبرات المعملية والكواشف المخبرية والكنترولات والمحاليل المعايرة وقطع غيارها حسب العقد
فيقا تكنيك إس أيه إس,VEGA Techniques SAS,فرنسي,الدمام,وكالة توزيع,قائمة,منتجات الموكل من أجهزة وأدوات قياس منسوب وضغط الزيت وقطع غيارها
إيليفيت اورال كير,Elevate Oral Care,امريكي,الدمام,وكالة توزيع,قائمة,منتجات الموكل من أجهزة وأدوات ومستلزمات طبية للأسنان
أيون أكستشينج الهند المحدودة,ION EXCHANGE (INDIA) LIMITED,هندي,الدمام,وكالة تجارية,قائمة,منتجات الموكل من أجهزة ومعدات محطات معالجة المياه والكيماويات وقطع الغيار والاكسسوارات و المواد الكيميائية لمعالجة المياه في التدفئة والتهوية وتكييف الهواء والصناعات
ذا ويلبوس  كومباني,THE WELLBOSS LLS,امريكي,الدمام,وكالة توزيع,قائمة,منتجات الموكل من أدوات و أجهزة لحفر آبار النفط والغاز
انداستريال ساينتفك فرانسي اس ايه اس,Industrial Scientific France SAS,امريكي,الدمام,وكالة توزيع,قائمة,"منتجات الموكل من أدوات وأجهزة قياس الغاز والنفط وقطع غيارها 

"
رومار انترناشيونال ليمتد,ROMAR INTERNATIONAL LINITED,بريطاني,الدمام,وكالة تجارية,قائمة,منتجات الموكل من أدوات ومعدات صناعية وبترولية لاستخراج النفط والغاز
تشانج تسو كانج هو ميد كال انوفيشن لميتيد,CHANGZHOU KANGHUI MEDICAL INNOVATION CO LTD,الصين الشعبيه,الدمام,وكالة توزيع,قائمة,منتجات الموكل من أدوات ومعدات ومواد طبية لمعالجة الكسور حسب العقد
ريفكس سنسورس ليمتد,REFEX SENSORS LTD,ايرلندي,الدمام,وكالة توزيع,قائمة,منتجات الموكل من أقطاب كهربائية وخلايا التدفق والحوامل و عدادات وملحقاتها
سي ان بي اس بيترو اكويبمينت كومباني ليمتد,"CNPS PETRO EQUIPMENT CO,LTD",الصين الشعبيه,الدمام,وكالة تجارية,قائمة,"منتجات الموكل من أنابيب الألياف الزجاجية وأنابيب التصفية والترشيح وملحقاتها الخاصة بصناعة النفط والغاز .
"
فورني كوربوريشن,Forney Corporation,امريكي,الدمام,وكالة توزيع,قائمة,"منتجات الموكل من أنظمة إدارة الموقد - BMS بما في ذلك الكشف عن اللهب والمواد المسببة للاشتعال، إلى جانب أي معدات مساعدة. مواقد مجاري الهواء- مواقد مجاري فورني ولوازمها بما في ذلك مواقد الغاز، والفحم، والزيت. منتجات المثبط وملحقاته - وصلات التمدد وأختام سخان الهواء وأبواب الدخول."
سبيكتر لوجيك  يوروب  لبمتد,SPECTRA  LOGIC  EUROPE  LTD,بريطاني,الدمام,وكالة تجارية,قائمة,منتجات الموكل من اجهزة الكمبيوتر واشرطة المكتبات والبرمجيات وبرنامج ادارة البيانات وبرامج ادارة الاجهزة وقطع غيارها واكسسواراتها
أف أس أي هولدينغز ليمتد,"FSI HOLDINGS, LLC",امريكي,الدمام,وكالة تجارية,قائمة,منتجات الموكل من اجهزة ومعدات والات وانظمة تدوير النفايات
سيتراكس يو كي ليمتد,SEATRAX UK LTD.,بريطاني,الدمام,وكالة توزيع,قائمة,"منتجات الموكل من ادوات النقل الثقيل و أنظمتها وقطع غيارها 
"
بروب تكنولوجيز هولدنغز انك,"PROBE TECHNOLOGIES HOLDINGS,INC",امريكي,الدمام,وكالة تجارية,قائمة,"منتجات الموكل من ادوات قياس سلامة البئر ، ادوات قياس المضخة الغاطسة ، اجهزة مراقبة البئر ، ادوات قياس السماكة الكهرومغنطيسية وادوات المعايرة متعددة الذراع."
ارتشر ويل سيرفيسز (السعودية) ليمتد,ARCHER WELL SERVICES (SAUDI ARABIA) LIMITED,بريطاني,الدمام,وكالة تجارية,قائمة,منتجات الموكل من ادوات ومعدات البترولية حسب الملحق المرفق
ارمسترونغ انترناشونال,ARMSTRONG INTERNATIONAL,بلجيكي,الدمام,وكالة توزيع,قائمة,منتجات الموكل من ادوات ومعدات تنظيم  الضغط والحرارة واجهزة تبخر وتكثيف الماء .
ام جي يى دي جوزيبي ألبانيز,MGE Di Giuseppe Albanese,ايطالي,الدمام,وكالة توزيع,قائمة,"منتجات الموكل من اضاءات ال اي دي 
"
بريما لاب إس إيه,PRIMA LAB SA,سويسري,الدمام,وكالة توزيع,قائمة,منتجات الموكل من الأدوات والكواشف المخبرية التشخيصية
ديفينيش نيوتريشن لمتد,DEVENISH NUTRITION LIMITED,بريطاني,الدمام,وكالة توزيع,قائمة,منتجات الموكل من الأدوية البيطرية و الإضافات الأعلاف و مخلطات الأعلاف
جابور شوز  ايه جي,Gabor Shoes AG,الماني,الدمام,وكالة توزيع,قائمة,منتجات الموكل من الاحذية النسائية والرجالية .
ارقينتم الطبية,ARGENTUM MEDICAL,امريكي,الدمام,وكالة توزيع,قائمة,منتجات الموكل من الادويه الطبيه المدرجه في الملحق رقم (1) المرفق بالعقد
شركة دكس ايبريكا,DEX IBERICA . S.A,اسباني,الدمام,وكالة توزيع,قائمة,منتجات الموكل من الاعلاف والمكملات الغذائية الحيوانية
بريتي ليجز هوسري لميتد,PRETTY LEGS HOSIERY LIMITED,بريطاني,الدمام,وكالة توزيع,قائمة,منتجات الموكل من الجوارب و الماسكات الطبية بكافة أنواعها حسب العقد
شركة اتش جاي سكيلتون ذ.م.م,H. J. SKELTON & CO. LTD,بريطاني,الدمام,وكالة تجارية,قائمة,منتجات الموكل من الحديد الصلب وانابيب مبادلات حرارية وتوصيلات وسكك حديدية ومثبتات السكك الحديدية
او ام بي فالفس ـ اس بي ايه,OMB VALVES SPA,ايطالي,الدمام,وكالة تجارية,قائمة,منتجات الموكل من الصمامات بمختلف أنواعها ومقاساتها
ووسونغ فلوتك ليمتد,WOOSUNG FLOWTEC CO. LTD,كوريه الجنوبيه,الدمام,وكالة توزيع,قائمة,منتجات الموكل من الفلاتر والصمامات لتنقية المياه و الزيوت من الشوائب
تي 2 بايوسيستمز,T2 BIOSYSTEMS INC,امريكي,الدمام,وكالة توزيع,قائمة,منتجات الموكل من الكواشف الطبية و الأجهزة الطبية
كلاريانت انترناشيونال ليمتد,CLARIANT INTERNATIONAL LTD.,سويسري,الدمام,وكالة توزيع,قائمة,منتجات الموكل من المحفزات الكيماوية المستخدمة في ابار النفط
اجينا ريسيناس إي كولاس إل تي دي أي,AGENA RESINAS E COLAS LTDA,برازيلي,الدمام,وكالة تجارية,قائمة,منتجات الموكل من المواد الكيماوية (كواسح كبريتيد الهيدروجين ) الخاصة بصناعة النفط .
اورن هيدروكربونز ميدل ايست اف زد سي او,OREN HYDROCARBONS MIDDLE EAST FZCO,اماراتي,الدمام,وكالة توزيع,قائمة,"منتجات الموكل من المواد الكيماوية بال لوب اس اف اي ، بال لوب 545 الخاصة بحفر آبار النفط"
شاندونغ هايوانق كيميكال كومباني ليمتد,SHANDONG HAIWANG CHEMICAL CO LTD,الصين الشعبيه,الدمام,وكالة تجارية,قائمة,منتجات الموكل من المواد الكيماوية من رماد الصودا الكثيف و كلورايد الكالسيوم و بيكربونات الصوديوم سلفات البوتاسيوم بروبين و نترات ونتران صوديوم
زيجونق كونقهونق نيو ماتيريل كو ليمتد,ZHEJIANG QINGHONG NEW MATERIAL CO. LTD,الصين الشعبيه,الدمام,وكالة تجارية,قائمة,منتجات الموكل من المواد الكيميائية والطين العضوي حسب العقد
ساوثويست الومنيوم (كون شان ) كو ليمتد,"SOUTHWEST ALUMINUM (KUN SHAN)CO ., LTD",الصين الشعبيه,الدمام,وكالة توزيع,قائمة,منتجات الموكل من انابيب الالمنيوم باحجامها المختلفة .
باوجي بتروليم ستيل بايب كومباني لميتد,BAOJI PETROLEUM STEEL PIPE CO.LTD,الصين الشعبيه,الدمام,وكالة توزيع,قائمة,منتجات الموكل من انابيب القوسي المغمورة اللولبية والطولية وانابيب مقاومة للكهرباء والصداء وانابيب مغلفه حسب العقد
لاتي انترناشونال  اس ايه,LATTY INTERNATIONAL S.A,فرنسي,الدمام,وكالة تجارية,قائمة,منتجات الموكل من انواع مختلفة من موانع التسربات الميكانيكية
ميداس ميدل ايست سوفيت واير سيستم ال ال سي,MEDAS MIDDLE EAST SOFTWARE SYSTEMS L.L.C,اماراتي,الدمام,وكالة توزيع,قائمة,منتجات الموكل من برامج الكمبيوتر  حسب العقد
تريسيز تيكنولوجي ال ال سي,"Tresys Technology, LLC",امريكي,الدمام,وكالة توزيع,قائمة,منتجات الموكل من برامج لنقل المعلومات والبيانات وحمايتها
ناشيونال أويل ويل فاركو ال بي,"NATIONAL OILWELL VARCO,L.P",امريكي,الدمام,وكالة تجارية,قائمة,منتجات الموكل من تكنولوجيا نقل بيانات آبار النفط
سيفا اس .بي .ايه,CIFA S .P .A,ايطالي,الدمام,وكالة توزيع,قائمة,منتجات الموكل من خلاطات الشاحنات والمضخات وقطع غيارها
كولومبوس ماكينون اندستريال بروكتس جي ام بي اتس,COLUMBUS MCKINNON INDUSTRIAL  PRODUCTS GMBH,الماني,الدمام,وكالة توزيع,قائمة,منتجات الموكل من رافعات السحب وذراع الرافعة وبكرات وونش الكابلات الكهربائية وقطع غيار الرافعات
شوف كيميفنتايل فيرتربس جي ام بي اتش آند كو كي جي,SCHUF CHEMIEVENTILE VERTRIEBS GMBH & CO.KG,الماني,الدمام,وكالة تجارية,قائمة,منتجات الموكل من صمامات  مخرج سفلي وتحويل وإعادة تدوير المضخة وتحكم وكروية وإغلاق الطوارئ وبوابية وحقن ورفع حسب العقد
ار كي كونترول انسترومنتس برايفت ليمتد,R.K. CONTROL INSTRUMENTS PVT LTD,هندي,الدمام,وكالة توزيع,قائمة,منتجات الموكل من صمامات - تحكم وثلاثي اتجاهات وفراشي - وصمام خفض الضغوط وجهاز تقوية واسطوانات الطاقة
ميتسو فلو كنترول أو واي,Metso Flow Control Oy,فنلنديه,الدمام,وكالة توزيع,قائمة,منتجات الموكل من صمامات متنوع الأشكال والأحجام والمقاسات
جيستر انجنيرك استيم برفومانس,GESTRA Engineering steam performance,الماني,الدمام,وكالة توزيع,قائمة,"منتجات الموكل من صمامات متنوعة الاستخدام و مختلفة الاحجام و المقاسات

"
فيلان ايه بي في اس .ار. ال.,Velan ABV S.r.L,ايطالي,الدمام,وكالة تجارية,قائمة,منتجات الموكل من صمامات مختلفة الأحجام والمقاسات
نيجيرما اس ار ال,NIGREMA SRL,ايطالي,الدمام,وكالة تجارية,قائمة,منتجات الموكل من صمامات مختلفة الاحجام والمقاسات لاستخدامات الصناعية والنفطية
مانولي الهيدروليكية,MANULI HYDRAULICS,ايطالي,الدمام,وكالة تجارية,قائمة,منتجات الموكل من صمامات مختلفة الاحجام والمقاسات للاستخدامات الصناعية والنفطية
فلوتيك اورسنيجو فالفيس,FLUITEK ORSENIGO VALVES,ايطالي,الدمام,وكالة تجارية,قائمة,منتجات الموكل من صمامات مختلفه الاحجام والمقاسات والمستخدمه في النفط والغاز
اوفيسين سانتافيدي اس ار ال,Officine Santafede,ايطالي,الدمام,وكالة تجارية,قائمة,منتجات الموكل من فلنجات مختلفة الاحجام و المقاسات
اكسيبتنس قروب اس ايه اس,AQSEPTENCE GROUP SAS,فرنسي,الدمام,وكالة تجارية,قائمة,منتجات الموكل من قطع غيار الداخلية للاوعية والبايب المستخدمة في الغاز والبتروكيماويات وحقول النفط وقطع غيارها
2م كابلو ديس ديكيريت في بازارلاما ايه اس,2M KABLO DIS TICARET VE PAZARLAMA A.S.,تركي,الدمام,وكالة تجارية,قائمة,"منتجات الموكل من كابلات الاجهزة حسب المعايير يو ال 13 ، يو ال 1277 ، اي ان 50288-7 ، بي ايه اس 5308"
سيتراكس إينكوربريتد,SEATRAX INCORPORATED,امريكي,الدمام,وكالة تجارية,قائمة,منتجات الموكل من كرينات ورافعات وانضمة الرفع وقطع غيارها
ويفانغ كيانجوان كيميكال اندستري كو ليمتد,"WEIFANG QIANGYUAN CHEMICAL INDUSTRY CO., LTD",الصين الشعبيه,الدمام,وكالة تجارية,قائمة,منتجات الموكل من كلوريد الكالسيوم و رمادا الصودا و بروميد الكالسيوم و بروميد الصوديوم و بورمات الصوديوم حسب العقد
ويكا ميدل إيست,WIKA MIDDLE EAST,اماراتي,الدمام,وكالة توزيع,قائمة,منتجات الموكل من مؤشر درجة الحرارة وقياس الضغط وحساسات حرارية ومحابس ومحولات حرارية
واكر كيمي ايه جي,WACKER CHEMIE AG,الماني,الدمام,وكالة توزيع,قائمة,منتجات الموكل من مادة السيليكون العازلة
نيمنغو فوفينغ بايوتيكنولوجي,NEIMENGGU FUFENG BIOTECHNOLOGIES CO.LTD,الصين الشعبيه,الدمام,وكالة توزيع,قائمة,منتجات الموكل من مادة صمغ شانثان بوليمر  .
ابليتيك ايه اس,APLTEQ AS,نرويجيه,الدمام,وكالة تجارية,قائمة,"منتجات الموكل من ماسحات الرؤوية البانورامية ثلاثية الابعاد والتي تتمكن من رؤية جميع الاتجاهات ""360درجة""و نظام ادارة الاصول المرئي وتحديث مشروع نظام ادارة الاصول المرئي وقياس ثلاثي الابعاد بانورامي  ونماذج ثلاثية الابعاد فضاء ثلاثي الابعاد عبر ماسحه ضوئية للصور ثلاثية الابعاد وبرنامج ادارة الاصول المرئي وحلول النسخة الاحتياطية المامونه على الانترنت نظاما شاملا اعداد ومعايرة المعدات والامدادات وتاجيرها ."
بلوغر اندستريز جي ام بي اتش,PLEUGER INDUSTRIES GMBH,الماني,الدمام,وكالة تجارية,قائمة,منتجات الموكل من مضخات مختلفات الاحجام و الاستخدامات و قطع غيارها .
أوسيب أس أر أل,OSIP SRL,ايطالي,الدمام,وكالة تجارية,قائمة,منتجات الموكل من مضخات مختلفة الاحجام والمقاسات مع قطع غياره
آي تي تي بورنمن ذم م,ITT  BORENMANN GMBH,الماني,الدمام,وكالة توزيع,قائمة,"منتجات الموكل من مضخات ملولبة و مزدوجة  المستخدمة في حفر آبار النفط


"
اف اس - اليوت كول ال ال سي,"FS - ELLIOTT CO., LLC",امريكي,الدمام,وكالة تجارية,قائمة,منتجات الموكل من معدات ضغط الهواء و قطع غيارها .
انتيليان تكنلوجيز انك,"INTELLIAN TECHNOLOGIES, INC",كوريه الجنوبيه,الدمام,وكالة توزيع,قائمة,منتجات الموكل من معدات وأجهزة الأتصالات وقطع غيارها
تام انترناشونال انكوربوريشن,"TAM INTERNATIONAL, INC",امريكي,الدمام,وكالة تجارية,قائمة,منتجات الموكل من معدات وأدوات النفخ والتضخيم الخاصة بآبار النفط والغاز
ستوكهولم بريسجن تولز,STOCKHOLM PRECISION TOOLS,سويديه,الدمام,وكالة تجارية,قائمة,منتجات الموكل من معدات وأدوات حفر ابار النفط والغاز
هيوز نتوورك سستمز,Hughes Network Systems,امريكي,الدمام,وكالة توزيع,قائمة,منتجات الموكل من معدات وأدوات صناعية لأجهزة الإتصالات
بيركنز إنجنز ليمتد,PERKINS ENGINES COMPANY LIMITED,بريطاني,الدمام,وكالة توزيع,قائمة,منتجات الموكل من معدات وادوات والات ومحركات كهربائية وميكانيكية وقطع غيارها
مونتي- ويركزيوج جي ام بي اتش,MONTI-WERKZEUGE GMBH,الماني,الدمام,وكالة تجارية,قائمة,منتجات الموكل من مكائن وادوات وعدد صناعية وقطع غيارها
تريدا هيزلي توكيتم اورونلري ساتيش في داتيم,TREDA HIZLI TUKETIM URUNLERI SATIS VE DAGTIM,تركي,الدمام,وكالة توزيع,قائمة,منتجات الموكل من مناديل طبية بعد ازاله الشعر .
برو ايت سدن بي اتش دي,PROEIGHT SDN BHD,ماليزي,الدمام,وكالة تجارية,قائمة,منتجات الموكل من موانع التسريب الميكانيكية والمضخات وقطع الغيار الخاصة فيها .
أكسا جنريتور ساناي أيه أس أيه,Aksa Jeneratör Sanayi A.Ş,تركي,الدمام,وكالة توزيع,قائمة,منتجات الموكل من مولدات الديزل لإنتاج الكهرباء وقطع غيارها
ميتسوبيشي هيفي اندستريز  اند تيربو تشارشر,"MITSUBISHI HEAVY INDUSTRIES ENGINE & TURBOCHARGER, LTD",ياباني,الدمام,وكالة توزيع,قائمة,منتجات الموكل من مولدات الديزل وقطع غياره
جينانو  أل تي دي,GENANO LTD,فنلنديه,الدمام,وكالة توزيع,قائمة,منتجات الموكل من وحدات جينانو لإزالة تلوث الهواء
كواساكي هفي انديوستري ليمتد,"KAWASAKI HEAVY INDUSTRIES , LTD",ياباني,الدمام,وكالة تجارية,قائمة,منتجات الموكل من وحدات ضغط الغاز والكمبريسورات ومعدات توليد الطاقة
فيري تكنولوجي إل. إل. سي. دي/بي/ايه فيري تك,"Vere Technology LLC , d/b/a VERETEK",امريكي,الدمام,وكالة تجارية,قائمة,منجات الموكل من مضخات  الغطاسة لإنتاج النفط و قطع غيارها و رؤوس خارجية و مآخذ و وصلات تهيئة للمضخات بحسب العقد و ملحقاته.
أو في أس . أس بي أي,OVS S.P.A,ايطالي,الرياض,وكالة تجارية,قائمة,"
منتجات الموكل من الملابس النسائية والرجالية والأطفال والاكسسوارات بجميع أشكالها"
كركات هوفي زرف ابريك بي.في,KERCHAERT HOEFIJERF ABRIEK B.V,هولندي,الرياض,وكالة توزيع,قائمة,"
منتجات الموكل من حذوات الخيل ومستلزماتها والاضافات العلفية 
"
بلو ويل كومباني,Blue Whale Company,فرنسي,الرياض,وكالة توزيع,قائمة,:منتجات الموكل من الصمامات الالكترونية ومستشعر المستوى واجهزة استشعار الضغط واجهزة استشعار درجة الحرارة وفق العقد
شركة قطاف العالمية للاستيراد والتصدير,QETTAF ALALAMIAH FOR PORT AND EXPORT,اردني,الرياض,وكالة توزيع,قائمة,( خدمات الموكل من البرامج المحاسبة وقواعد البيانات - قصص أطفال تعمل بالقلم الناطق- كتب تعليم باللغة الإنجليزية مع تقنية القلم الناطق )
شركة كومنولث ريتال كونسيبتس بي تي إي المحدودة,commonwealth retail concepts PTE LTD,سنغافوريه,الرياض,وكالة امتياز,قائمة,( فتح وتشغيل مطاعم لتقديم المأكولات والمشروبات تحت العلامة التجارية باستامانيا )
فيبرا بي تي واي ليمتيد - استرالية,PHEBRA PTY LIMITED -AUSTRALIA,استرالي,الرياض,وكالة توزيع,قائمة,( منتجات الموكل من الادويه وفق العقد )
كرفان تكستيل صناعي فى دس تيكارت أي أس,KERVAN TEKSTIL SANAYI VE DIS TICARET AS,تركي,الرياض,وكالة توزيع,قائمة,( منتجات الموكل من المنسوجات المنزلية - اثاث - إكسسوارات منزلية )
تكنا اس ار ال,TEKNA S.R.L,ايطالي,الرياض,وكالة توزيع,قائمة,(منتجات الموكل من اجهزة التبريد  الخاصة بالمستشفيات والصيدليات والمختبرات الطبية وفق العقد)
ريتر كونسبت جي ام بي اتش,RITTER CONCEPT GMBH,الماني,الرياض,وكالة توزيع,قائمة,(منتجات الموكل من الادوات والمستلزمات الطبية الخاصة بالاسنان وفق العقد)
فيتا زان فبريك المحدودة,VITA ZAHNFABRIK CO& KG,الماني,الرياض,وكالة توزيع,قائمة,الاجهزة والمواد المستخدمة فى مختبرات الاسنان
نيبون ستيل كوربوريشن / مصنع اماجازكاي,Nippon Steel Corprration /Amagasaki,ياباني,الرياض,وكالة توزيع,قائمة,المنتجات الانبوبية غير الملحومة للدول النفطية
نيبون ستيل كوربوريشن / مصنع اوكاياما,Nippon Steel Corprration,ياباني,الرياض,وكالة توزيع,قائمة,المنتجات الانبوبية غير الملحومة للدول النفطية
نيبون ستيل كوربوريشن / مصنع كاينان,Nippon Steel Corprration/ kainan,ياباني,الرياض,وكالة توزيع,قائمة,المنتجات الانبوبية غير الملحومة للدول النفطية
اتناهس فارما يو كي ليميتد,ATNAHS PHARMA UK LIMITED,بريطاني,الرياض,وكالة توزيع,قائمة,بيع منجات الموكل من الادويه الصيدلانيه كما هوا مرفق في القائمه رقم 1
شالك و ماير جيس. إم. بي. اتش,Schulke & Mayr Ges.m.b.H,نمساوي,الرياض,وكالة توزيع,قائمة,بيع وتوزيع منتجات الموكل من الادوية والمستحضرات الطبية المرفقة بالعقد
أكسون بارتنرز قروب كونسولتنق,AXON Partners Group Consulting,اسباني,الرياض,وكالة خدمات,قائمة,تقديم خدمات استشارية في مجال الاتصالات وتقنية المعلومات
شركة اليكسيون فارما انترناشونال اوبريشين انليمتد كومبني,ALEXION PHARMA INTERNATIONAL OPERATIONS UNLIMITED COMPANY,ايرلندي,الرياض,وكالة توزيع,قائمة,توزيع منتجات الموكل من الادوية
الشركة الاوربية المصرية للصناعات الدوائية,,مصري,الرياض,وكالة توزيع,قائمة,توزيع منجات الموكل من الادوية والمستحضرات الطبية
شركة سوليديريتي السعودية للتكافل,,المملكة العربية السعودية,الرياض,وكالة تجارية,قائمة,"خدمات الموكل من التأمين 

"
شركة كويست قلوبل أو يو,Quest Global OU,فنلنديه,الرياض,وكالة خدمات,قائمة,خدمات الموكل من التسويق الرقمي
تكنوفي أس أل,"TECNOVE,S,L",اسباني,الرياض,وكالة خدمات,قائمة,خدمات الموكل من الرعاية الصحية المتنقلة وفق ( الملحق أ ).
بيفوكس لابس برايفت ليميتد,Pivox Labs Private Limited Co,هندي,الرياض,وكالة خدمات,قائمة,"خدمات الموكل من انظمة الحاسب الالي وتقنية المعلومات , تأمين وتوفير الطاقم الهندسي والفنى المختصص"
,,المملكة العربية السعودية,الرياض,وكالة توزيع,قائمة,خدمات الموكل من برامج وحلول الحماية من الفيروسات والإختراق وأمن المعلومات بموجب ما ذكر في العقد المرفق
شركة بورتيكون اس  ال,Porticon S.L,اسباني,الرياض,وكالة تجارية,قائمة,خدمات الموكل من تنفيذ عدد من المشاريع  السكنية والانشاءات والمباني الجاهزة والعمائر  والاسواق والمجمعات السكنية
شركة سيات - انجنهيرا شركة صناعية ذات مسؤولية محدودة,"SIATT Engineering, Industry and Commerce Ltd",برازيلي,الرياض,وكالة تجارية,قائمة,خدمات الموكل من صناعة الصواريخ بجميع انواعها و القنابل الذكية وفق العقد
جى ان - زيد 11 امبريندامينتوس ايرونايوتيكس ليتدا,GN-z11 EMPREENDIMENTOS AERONAUTICOS LTDA,برازيلي,الرياض,وكالة تجارية,قائمة,خدمات الموكل من صناعة وصيانة وترميم الطائرات وفق العقد
,,المملكة العربية السعودية,الرياض,وكالة تجارية,قائمة,"خدمات ومنتجات الموكل من العناية بسيارات والتضليل العازل الحراري وادوات زينة وقطع الغيار وفق العقد 
"
ايه أو كي كيتشن ماريلبون المحدودة,A.O.K Kitchen Marylebone Limited,بريطاني,الرياض,وكالة امتياز,قائمة,فتح و تشغيل سلسلة من المطاعم تحت اسم A.O.K Kitchen
ايليري اس اف او دي ام سي سي,ELLERRE SFO DMCC,اماراتي,الرياض,وكالة امتياز,قائمة,فتح و تشغيل سلسلة من محلات المطاعم تحت اسم إل باريتو
,,المملكة العربية السعودية,الرياض,وكالة امتياز,قائمة,فتح و تشغيل مركز لبرامج التعليم الترفيه الخاصة بالرسم الإبداعي ومنتجاتها وفق العقد .
ميكس جلوبال بي في,MEXX GLOBAL B. V,هولندي,الرياض,وكالة امتياز,قائمة,فتح وتشغيل المحل تحت العلامة التجارية ميكس
كابري اس ار ال,CAPRI S.R.L.,ايطالي,الرياض,وكالة امتياز,قائمة,فتح وتشغيل المحلات الملابس والاحذية والاكسسوارات
تشونغشان شينهيوويو ديبارتمنت ستور ليمتد,ZhongshanShenghuowuyou Department Store co ltd,الصين الشعبيه,الرياض,وكالة امتياز,قائمة,فتح وتشغيل المحلات لبيع الأدوات المنزلية والحقائب والقرطاسية والأدوات الرياضية والهدايا والالكترونيات والاكسسورات الرقمية والمجوهرات والأزياء ومنتجات العناية بالشعر ومنتجات الصحة والجمال
ذا جراب شاك جريل كومباني,The Grub Shack Grill W.L.L,بحريني,الرياض,وكالة امتياز,قائمة,فتح وتشغيل المطاعم
شركة مارسبيان لأدارة المطاعم,MARSABIAN RESTAURANT MANAGEMENT COMPANY,كويتي,الرياض,وكالة امتياز,قائمة,فتح وتشغيل المطاعم
كالدي كوفي اند تييي بي.في.,Kaldi Koffie & Thee B.V.,هولندي,الرياض,وكالة امتياز,قائمة,فتح وتشغيل المطاعم
مطعم اينشتاين,Einstein Restaurant,كويتي,الرياض,وكالة توزيع,قائمة,فتح وتشغيل المطاعم
داك دونتس فرانشايزنج كومباني انترنشنال ال ال سي,DUCK DONUTS FRANCHISING COMPANY INTERNATIONAL LCC,امريكي,الرياض,وكالة توزيع,قائمة,فتح وتشغيل المطاعم تحت الاعلامة التجارية داك دونتس
بي اف آي مانجمنت دي ام سي سي,BFI Management DMCC,اماراتي,الرياض,وكالة امتياز,قائمة,فتح وتشغيل المطاعم تحت العلامة التجارية تشيكنغ
,,المملكة العربية السعودية,الرياض,وكالة امتياز,قائمة,فتح وتشغيل المطاعم تحت العلامة التجارية فطيرة الفلافل
روبوت ثيم رستروانت,ROBOT THEME RESTAURANT,هندي,الرياض,وكالة امتياز,قائمة,فتح وتشغيل المطاعم روبوت ثيم ريستونت
سو ديليشس في أو إف,So Delicious VOF,هولندي,الرياض,وكالة امتياز,قائمة,فتح وتشغيل المطاعم والمخابز وفق العقد
,,المملكة العربية السعودية,الرياض,وكالة امتياز,قائمة,فتح وتشغيل سلسلة مطاعم لبيع الوجبات السريعة والمشويات والفطائر والمقبلات والعصائر
شركه تطوير الضيافة,..,المملكة العربية السعودية,الرياض,وكالة امتياز,قائمة,فتح وتشغيل فنادق تحت العلامة التجارية ( سويس انترناشيونال ) وفق العقد .
شركة أدنوك الدولية للتوزيع (الدولية),ADNOC DISTRIBUTION GLOBAL COMPANY LLC ADGC,اماراتي,الرياض,وكالة امتياز,قائمة,"فتح وتشغيل محطات وقود التجزئة وغيرها من محطات الخدمة ذات الصلة
"
,,المملكة العربية السعودية,الرياض,وكالة توزيع,قائمة,فتح وتشغيل محل  مغاسل الملابس
,,المملكة العربية السعودية,الرياض,وكالة امتياز,قائمة,فتح وتشغيل محل تحت العلامة التجارية فن الكنافة لبيع الحلويات
,,المملكة العربية السعودية,الرياض,وكالة امتياز,قائمة,"فتح وتشغيل محلات الايس كريم تحت العلامة التجارية فروز 


"
,,المملكة العربية السعودية,الرياض,وكالة توزيع,قائمة,فتح وتشغيل محلات الايسكريم وفق العقد
,,المملكة العربية السعودية,الرياض,وكالة امتياز,قائمة,فتح وتشغيل محلات القهوة لبيع المشروبات الساخنة والباردة والحلويات تحت العلامة التجارية ريشيو
,,المملكة العربية السعودية,الرياض,وكالة امتياز,قائمة,فتح وتشغيل محلات القهوة لبيع المشروبات الساخنة والباردة والحلويات والفطور
اي في اي تيكستيل سانايي في بازارلاما ليميتد سيركتي,AvA Tekstil Sanayi ve Pazarlama  Limited Sirketi,تركي,الرياض,وكالة امتياز,قائمة,فتح وتشغيل محلات الملابس النسائية تحت العلامة التجارية ( OXXO-أوكسو)
,,المملكة العربية السعودية,الرياض,وكالة توزيع,قائمة,فتح وتشغيل محلات بيع المأكولات الخفيفة
,,المملكة العربية السعودية,الرياض,وكالة امتياز,قائمة,فتح وتشغيل محلات كوفي شوب لبيع المشروبات الساخنة والباردة تحت العلامة التجارية ريشيو
باندورا ايه / اس,Pandora A / S,دنمركيه,الرياض,وكالة امتياز,قائمة,فتح وتشغيل محلات لبيع الاكسسوارات ( السوار - القرط - القلادات - الخواتم - الحلي - الخلخال - الساعات اليدويه ) تحت العلامة التجارية باندورا (PANDORA)
بي جابا ليمتيد لايبلدي,BEEJAPA limited liabited,البوسنه والهرسك,الرياض,وكالة امتياز,قائمة,فتح وتشغيل محلات لبيع العسل والمواد الغذائية
هلسنكي انترناشيونال سكول جروب او يو,Helsinki International School Group Oy,فنلنديه,الرياض,وكالة امتياز,قائمة,"فتح وتشغيل مدارس للتعليم والتدريب الخاص للأطفال
"
,,المملكة العربية السعودية,الرياض,وكالة امتياز,قائمة,فتح وتشغيل مطاعم ( بمنظقة عسير فقط )
ماجينتا بلاك تريدنج ليميتد,Magenta Black Trading Limited,قبرصيه,الرياض,وكالة امتياز,قائمة,فتح وتشغيل مطاعم تحت العلامة التجارية بلقرافيان (BELGRAVIAN).
شركة إيلاف الغذائية,Elaf Food Company,كويتي,الرياض,وكالة امتياز,قائمة,فتح وتشغيل مطاعم تحت العلامة التجارية فروج ريبابلك في المنطقة الشرقية فقط وفق العقد
ماجينتا بلاك تريدنج ليميتد,Magenta Black Trading Limited,قبرصيه,الرياض,وكالة امتياز,قائمة,فتح وتشغيل مطاعم تحت العلامة التجارية هيلينيكا (HELLENIKA)
,,المملكة العربية السعودية,الرياض,وكالة امتياز,قائمة,فتح وتشغيل مطاعم فلافل
,,المملكة العربية السعودية,الرياض,وكالة امتياز,قائمة,فتح وتشغيل مطاعم لتقديم الوجبات الجاهزة والمشروبات الساخنه والباردة
شركة كافادور ليميتد,Cavadore Limited,قبرصيه,الرياض,وكالة امتياز,قائمة,فتح وتشغيل مطاعم وفق العقد.
ايفاجاردن إس آر إل,EVAGARDEN S.R..L,ايطالي,الرياض,وكالة توزيع,قائمة,مستحضرات تجميل
انفنتوم قروب,Infinitum Grupp,اجنبيه,الرياض,وكالة توزيع,قائمة,مستشفى ميداني / كاميرا حرارية _ جهاز فحص حراري
قلوبال ليفت اكويبمينت سي.ال,"GLOBAL LIFT EQUIPMENT,S.L",اسباني,الرياض,وكالة توزيع,قائمة,من منتجات الموكل من المصاعد
شركة ساول ثيرابيوتيكس ريسرتش ليمتد,SAOL THERAPEUTICS RESEARCH LIMITED,ايرلندي,الرياض,وكالة توزيع,قائمة,"منتجات اشركة من الأدوية حسب القائمة المرفقة مع العقد،"
فارمافيت,PHARMAVET,تركي,الرياض,وكالة توزيع,قائمة,منتجات الشركة من البيطرة حسب القائمة المرفقة مع العقد -
بولاديكس جروب أو واي ( بولاديكس ),Poladex Group Oy ( Poladex),فنلنديه,الرياض,وكالة توزيع,قائمة,"منتجات العقد من أجهزة أشعة بانوراما سينية بموديلات مختلفة ومستلزماتها حسب الملحق هـ 
"
بولاريس سيلز يوروب سارل,Polaris Sales Europe Sarl,سويسري,الرياض,وكالة توزيع,قائمة,منتجات الموكل  من (المركبات الصالحة لجميع التضاريس و مركبات SIDE - BY - SIDE للطرق الوعرة والدراجات النارية الهندية ومركبات السلينغشوت جنباً إلى جنب مع الأجزاء و الملحقات و الزيوت والملابس المرتبطة على وجه التحديد بتصاميم الخط المحدد).
مارتينز نيتو اس .ايه,MARTINEZ NIETO S.A,اسباني,الرياض,وكالة توزيع,قائمة,منتجات الموكل  من الادوية البشرية  ( سالوبيل  )
افيزور اس ايه,AVIZOR SA,اسباني,الرياض,وكالة تجارية,قائمة,منتجات الموكل ( افيزور اس ايه ) من منتجات طب العيون
اكسلير انك,XLEAR INC,امريكي,الرياض,وكالة توزيع,قائمة,"منتجات الموكل ( اكسلير انك ) من :
مستحضرات العناية للانف والجيوب الانفي
للعناية بالاسنان
محليات طبيعية"
فلاش فورج برايفت ليميتد,FLASH FORGE PRIVATE LIMITED,هندي,الرياض,وكالة توزيع,قائمة,منتجات الموكل أنابيب تركيبات صمامات دافعات الميكانيكية مختلفة الأحجام والمقاسات وأجهزة قياس تستخدم في ابار النفط والغاز
تيراتجين اس. ايه.,Terragene S.A.,ارجنتيني,الرياض,وكالة توزيع,قائمة,"منتجات الموكل الأجهزة الطبية والسمعية
"
شركة سانوفي العربية التجارية المحدودة,Sanofi Arabia Trading Company Limited,المملكة العربية السعودية,الرياض,وكالة توزيع,قائمة,منتجات الموكل الفيتامينات و OTC (فارماتون كبسولة – برونشيكير إيفي وبلاس شراب وكبسولة  - أقراص بوسكوبان - أقراص دولكولاكس – إنتروجرمينا – لانزور – لايف مارك شراب – مسكوسولفان أقراص و شراب – راينثيول شراب – تلفاسب أقراص – ناسكورت ).. وغيرها وفق العقد
ليبو كابيتال فرنسا,lipo capital france,فرنسي,الرياض,وكالة توزيع,قائمة,منتجات الموكل حقائب سفر ومستلزماتها
برومو ايطاليا جروب اس بي اي,PROMOITALIA GROUP S.P.A,ايطالي,الرياض,وكالة توزيع,قائمة,منتجات الموكل من  الأجهزة الطبية
اي بي ام لتجارة وصناعة الادويه,I P M  ILAC TICAET SANAYI A. S,تركي,الرياض,وكالة توزيع,قائمة,منتجات الموكل من  الادويه البيطريه
شركة أمواج  إس ايه او سي,Amouage S.A.O.C,عماني,الرياض,وكالة تجارية,قائمة,منتجات الموكل من  العطور والصابون والكريمات  (عطور للسيدات ورجالي -أطقم حمام -  صابون رجالي ونسائي - كريم للجسم رجالي ونسائي - شاور جل رجالي ونسائي - سنجل كاندل -  بودي لوشن رجالي نسائي  ) ... لاغيرها
لياونينغ ايفر ميتل فورمنج تك كو ليمتد,Liaoning Ever Metal Forming Tech Co Ltd,الصين الشعبيه,الرياض,وكالة تجارية,قائمة,منتجات الموكل من  القطع الخاصة لتركيبات الأنابيب وملحقاتها بكافة أقطارها
ميديكال موديولار سيستم أس . أية,MEDICAL MODULAR SYSTEM S.A,اسباني,الرياض,وكالة توزيع,قائمة,منتجات الموكل من  حلول وأنظمة آلية المستودعات و حلول وانظمة آلية التخزين و عربات يدوية للنقل والتوزيع وأنظمة ذكية لإدارة أرفف الصيدليات  وأنظمة ذكية لإدارة أرفف الملابس الطبية .
شركة بروكتر أند جامبل انترناشونال أوبيريشنز إس إيه,PROCTER & GAMBLE International Operations S.A,سويسري,الرياض,وكالة توزيع,قائمة,"منتجات الموكل من  فيكس ( تبخير ،  مستنشق ،  ستحلاب ، نقاط للحلق ) لاغيرها"
كيران ميديكال سيستمز,Kiran Medical Systems,هندي,الرياض,وكالة توزيع,قائمة,منتجات الموكل من  ملابس للوقاية من الإشعاع - قفازات واقية ونظارات - أنظمة تخزين - درع الأشعة المقطعية - دروع الحماية من الإشعاع - شبكات مكافحة الإنتثار - كاسيت وشاشات - جل الموجات فوق الصوتية ... لاغيرها
سويس لوج هيلث كير ايه جي,Swisslog Healthcare AG,سويسري,الرياض,وكالة توزيع,قائمة,"منتجات الموكل من -جهاز تحضير وتوزيع الأدوية ذاتيا للصيدلية الداخلية - جهاز التقاط علب الأدوية ذاتيا للصيدلية الداخلية -رجل آلي ( روبوت لصرف الأدوية للصيدلية الخارجية -خط أجهزة الأنابيب التي تعمل بضغط الهواء  .
 
"
جاردينر دينفر اف زاي اي,Gardner Denver FZE,اماراتي,الرياض,وكالة تجارية,قائمة,"منتجات الموكل من (كومب أير ، هايروفين، برومويد لجهاز الضغط المميز بالعلامة التجارية كومب أير هايروفين ، برومويد"
مان آند تل المحدودة,"Man&tel Co., Ltd",كوريه الجنوبيه,الرياض,وكالة توزيع,قائمة,منتجات الموكل من أجهزة التدريب والتأهيل والإختبار
جي ار جي بانكينغ اكيويمنت (اتش كي) كو ليمتد,"GRG BANKING WQUIPMENT (HK) CO., LIMITED",الصين الشعبيه,الرياض,وكالة تجارية,قائمة,"منتجات الموكل من أجهزة الصراف الآلي ، عد النقد ، المنتجات الرقمية ، الذكاء الإصطناعي وفقا للعقد"
فيفا تشيك لابوراتوريز انك,"VivaChek Laboratories, Inc",امريكي,الرياض,وكالة توزيع,قائمة,"منتجات الموكل من أجهزة تحليل فيفادياج و فيفادياج كوفيد - 19-1 جرام وفق العقد .
"
شينفا ميديكال إنسترومنت كو إل تي دي,Shinva Medical Instrument Co Ltd,الصين الشعبيه,الرياض,وكالة تجارية,قائمة,منتجات الموكل من أجهزة تعقيم و تنقية الهواء وفق العقد
شركة بيونيرس  اف.زد . سي,PIONEROS FZC,اماراتي,الرياض,وكالة توزيع,قائمة,منتجات الموكل من أجهزة دوائر تنفسية للتنفس الصناعي-أجهزة جلايدسكوب للتنبيب الحنجري - أجهزة برو نيبولايزر - وأجهزة فحص السمع لحديثي الولادة .
شنغهاي فورييه انتيليجنس سي أو . إل تي دي,Shanghai Fourier Intelligence Co. Ltd,الصين الشعبيه,الرياض,وكالة توزيع,قائمة,منتجات الموكل من أجهزة روبوتات إعادة التأهيل
إم آي آر - ميديكال إنترناشونال ريسيرش إس.آر.إل,MIR-Medical International Research S.r.l,ايطالي,الرياض,وكالة توزيع,قائمة,منتجات الموكل من أجهزة قياس التنفس والتأكسج وفق الملحق (2)
روش دياجنوستكس العربية السعودية المحدودة,Roche Diagnostics Saudi Arabia Limited,المملكة العربية السعودية,الرياض,وكالة توزيع,قائمة,منتجات الموكل من أجهزة وأدوات و قطع غيار وكواشف المختبرات وخطوط المنتجات – لحلول الرعاية المركزة ونقطة الرعاية الشاملة (سي. بي. إس ) – روش الجزيئية (آر. إم . إس) – حلول المعلومات التشخيصية (دي. أي. إس) وغيرها وفق العقد
وايمان ايميرجنسي ميدكال تكنولوجي جي ام بي اتش + كومباني كي جي,WEINMANN Emergency Medical Technology GmbH + Co. KG,الماني,الرياض,وكالة توزيع,قائمة,منتجات الموكل من أجهزت النتفس الصانعي وفق العقد
لابوراتوريزفيل ميد,Laboratoires Fill-Med,فرنسي,الرياض,وكالة توزيع,قائمة,منتجات الموكل من أدوات ومستحضرات جلدية تجميلية
فيت فور مي تريدنج  بي  في,FIT FOR ME TRADING B.V,هولندي,الرياض,وكالة توزيع,قائمة,منتجات الموكل من أدوية الصيدلانيه فيت فور مي ( دبليو إل إس فورتي كبسول وتشيوابل -فيرو فورتي - دبليو إل إس أوبتيموم كبسول وتشيوايل - فيرو أوبتيموم ) وأية منتجات آخرى يتم تصنيعها من قبل فيت فور مي
سولر فري ويندو فيلم,Solarfree window film,امريكي,الرياض,وكالة توزيع,قائمة,"منتجات الموكل من أفلام العزل الحراري للسيارات والمباني وأفلام حماية الدهان للسيارات وأفلام الأمان للزجاج والعدد الخاصة بتركيبها 

"
شركة فريزلاند كامبينا نوتريفيد بي  . في,FRIESLANDCAMPINA NUTRIFEED B . V,هولندي,الرياض,وكالة توزيع,قائمة,منتجات الموكل من إضافات علفية بديل حليب
"إكسيان ميتراس تاير سي او ,لميتد","XIAN MITERAS TYRE Co,. LIMTED",الصين الشعبيه,الرياض,وكالة تجارية,قائمة,منتجات الموكل من إطارات سيارات العسكرية
شركة شنزين مييا الكترونك كوميرس المحدودة,Shenzhen MeiYa Electronic Commerce Co. Ltd,الصين الشعبيه,الرياض,وكالة توزيع,قائمة,منتجات الموكل من اجهزة ازالة الشعر
هانغتشو بيور تكنولوجي كمباني ليميتد,HANGZHOU BIOER TECHNOLOGY CO. LTD,الصين الشعبيه,الرياض,وكالة تجارية,قائمة,منتجات الموكل من اجهزة التشخيص في المختبر والاجهزة ذات الاستخدام الواحد
شركة امبو س كوب كاتيا أوزوا ك/ج,AMPO S. COOP. katea auzoa K/G,اسباني,الرياض,وكالة توزيع,قائمة,منتجات الموكل من اجهزة صمامات المياه وفق للعقد
نيكسو يورب جى ام بي اتش,NIKKISO EUROPE GMBH,الماني,الرياض,وكالة توزيع,قائمة,منتجات الموكل من اجهزة غسيل الكلى
شركة جوي كار  أسبانيا اس ال,JOYCARE ESPANA SL,اسباني,الرياض,وكالة توزيع,قائمة,"منتجات الموكل من اجهزة قياس طبية والعناية الشخصية والعناية بالشعر والعناية بالطفل.
"
فلافور تروف,Flavour trove,هندي,الرياض,وكالة توزيع,قائمة,منتجات الموكل من اعشاب الحيوانات الصحية الخاصه بالادوية والمكملات البيطرية وغذاء الحيوانات .
الفاسىيجما أس . بيه . ايه,ALFASIGMA S.p.A.,ايطالي,الرياض,وكالة توزيع,قائمة,منتجات الموكل من الآدوية حسب القائمة المرفقة مع العقد .
سورو انترناشيونال بي في تي ليمتد,SURU INTERNATIONAL PVT LTD,هندي,الرياض,وكالة توزيع,قائمة,منتجات الموكل من الأجهزة الطبية
سينتوجين جي ام بي اتش,CENTOGENE GMBH,الماني,الرياض,وكالة توزيع,قائمة,منتجات الموكل من الأجهزة الطبية
آنفورس راي سيف اي بي,Unfors Raysafe AB,سويديه,الرياض,وكالة توزيع,قائمة,"منتجات الموكل من الأجهزة الطبية ( الفحص والمعايرة - الاشعة السينية وفق الخطاب المرفق ).


"
ديفرا انسترومينتيشن اس ايه,Instrumentation Difra SA,بلجيكي,الرياض,وكالة توزيع,قائمة,منتجات الموكل من الأجهزة الطبية الخاصة بالأنف والأذن والحنجرة
نوفاج ايه . جي,NOUVAG AG,سويسري,الرياض,وكالة توزيع,قائمة,منتجات الموكل من الأجهزة الطبية الخاصة بالأنف والأذن والحنجرة
انترميديكال سيرفيس ال تى دى,Inter Medical Service LTD,بريطاني,الرياض,وكالة توزيع,قائمة,منتجات الموكل من الأجهزة الطبية المدرجة في الملحق (أ)
ستراب جى ام بى اتش,STRUB GMBH,الماني,الرياض,وكالة توزيع,قائمة,منتجات الموكل من الأجهزة الطبية المدرجة في الملحق (أ)
شركة اجيون سيرجيكل انسترومنت انك,"Aygun surgical instruments CO., Inc",تركي,الرياض,وكالة توزيع,قائمة,منتجات الموكل من الأجهزة الطبية المدرجة في الملحق (أ)
شركة اى ستيم ميديكال تيبى,ISTEM MEDIKAL TIBBI,تركي,الرياض,وكالة توزيع,قائمة,منتجات الموكل من الأجهزة الطبية المدرجة في الملحق (أ)
شركة كاردياميد بى فى,CardiaMed B.V.,هولندي,الرياض,وكالة توزيع,قائمة,منتجات الموكل من الأجهزة الطبية المدرجة في الملحق (أ)
شركة ميد يوروب اس ار ال,MED EUROPE SRL,الماني,الرياض,وكالة توزيع,قائمة,منتجات الموكل من الأجهزة الطبية المدرجة في الملحق (أ)
شركة ولفير ميديكال ال تى دى,Welfare Medical Ltd,بريطاني,الرياض,وكالة توزيع,قائمة,منتجات الموكل من الأجهزة الطبية المدرجة في الملحق (أ)
لاك سايد للتصنيع,LAKESIDE Manufacturing,امريكي,الرياض,وكالة توزيع,قائمة,منتجات الموكل من الأجهزة الطبية المدرجة في الملحق (أ)
شركة سينكارديا سيستمز ال ال سى,"SynCardia Systems, LLC",امريكي,الرياض,وكالة توزيع,قائمة,منتجات الموكل من الأجهزة الطبية المدرجة في الملحق أ
أي ار سي ليزر جي ام بي اتش,ARC Laser GmbH,الماني,الرياض,وكالة توزيع,قائمة,منتجات الموكل من الأجهزة الطبية وفق العقد
شركة أوريجن بايوميديكال,"OriGen Biomedical, Inc",امريكي,الرياض,وكالة توزيع,قائمة,منتجات الموكل من الأجهزة الطبية وفق العقد
"شركة سمارت جروب ""سمارت جروب ألكسندر غلاديس""","SMART GROUP""Smart Group Aleksandda Gladysz""",بولندي,الرياض,وكالة توزيع,قائمة,منتجات الموكل من الأجهزة الطبية وفق العقد
ميلتيني بيوتيك جي ام بي اتش,Miltenyi Biotec GmbH,الماني,الرياض,وكالة توزيع,قائمة,منتجات الموكل من الأجهزة الطبية وفق العقد
شركة سيليزيوس ميديكال اس.ال,SELSIUS MEDICAL S.L,اسباني,الرياض,وكالة توزيع,قائمة,منتجات الموكل من الأجهزة الطبية وفق الملحق
بي جي آي يوروب أ / اس,BGI Europe A/S,دنمركيه,الرياض,وكالة توزيع,قائمة,منتجات الموكل من الأجهزة الطبية وفق الملحق ( أ )
أوندال ميديكال سيستمز جي إم بي اتش,Ondal Medical Systems GmbH,الماني,الرياض,وكالة توزيع,قائمة,منتجات الموكل من الأجهزة الطبية وفق ملحق أ
تيليفلكس ميديكال يوروب ليمتد,TELEFLEX MEDICAL EUROPE LTD,ايرلندي,الرياض,وكالة توزيع,قائمة,منتجات الموكل من الأجهزة و المستلزمات الطبية وفق الجدول 1
ريوسباين جي ام بي اتش,Riwospine gmbh,الماني,الرياض,وكالة توزيع,قائمة,منتجات الموكل من الأجهزة والأدوات الطبية الخاصة بالعظام
اكروس جي ام بي اتش اند كو كيه جي,Akrus gmbh & co kg,الماني,الرياض,وكالة توزيع,قائمة,منتجات الموكل من الأجهزة والأدوات الطبية الخاصة بطب العيون
شركة تشونغتشينغ تشواني أوتوميشن المحدودة,"CHONGQING CHUANYI AUTOMATION CO.,LTD",الصين الشعبيه,الرياض,وكالة تجارية,قائمة,منتجات الموكل من الأجهزة والأدوات الميدانية ( ادوات درجة الحرارة - ادوات التحليل - عدادات التدفق - المستوى - المشغلات - الصمامات - أجهزة الإرسال )
شركة أرفنت ميدكل يوريتم أي.اس.,R-VENT MEDIKAL URETIM A.S,تركي,الرياض,وكالة توزيع,قائمة,منتجات الموكل من الأجهزة والمستلزمات الطبية
شمتس أوند سونا جي ام بي اتش اند كو كي جي,SCHMITZ und Sohne GmbH & Co KG,الماني,الرياض,وكالة توزيع,قائمة,منتجات الموكل من الأجهزة والمعدات الطبية
شركة انفينيوم ميديكال انك,Infinium Medical Inc.,امريكي,الرياض,وكالة توزيع,قائمة,منتجات الموكل من الأجهزة والمنتجات الطبية المدرجة في الملحق (أ)
شركة برلين هارت جي ام بي اتش,Berlin Heart GmbH,الماني,الرياض,وكالة توزيع,قائمة,منتجات الموكل من الأجهزة والمنتجات الطبية المدرجة في الملحق (أ)
شركة بلو ا ريب اس ار ال,BLUE RIBE SRL.,ايطالي,الرياض,وكالة توزيع,قائمة,منتجات الموكل من الأجهزة والمنتجات الطبية المدرجة في الملحق (أ)
ساميانغ بايوفارماسوتيكال كوربوريشن,Samyang Biopharmaceutical Corporation,كوريه الجنوبيه,الرياض,وكالة توزيع,قائمة,منتجات الموكل من الأدوات الطبية الخاصة بالجلدية
"فيل تك سي او , ال تي دي","Feel Tech co.,Ltd",كوريه الجنوبيه,الرياض,وكالة توزيع,قائمة,منتجات الموكل من الأدوات الطبية الخاصة بالجلدية
إندو سيرفس جي إم بي إتش,Endoservice GMBH,الماني,الرياض,وكالة تجارية,قائمة,منتجات الموكل من الأدوات الطبية وفق العقد
هانزو كانجي  ميديكال إنسترومينت ليمتد,Hangzhou Kangji Medical Instruments LTD,الصين الشعبيه,الرياض,وكالة تجارية,قائمة,"منتجات الموكل من الأدوات الطبية وفق العقد
تم تعديل المطلوب فيما يخص بالبند رقم ١٥ حيث أنه كان خطأ من الترجمة وتم عمل التصحيح اللازم
تم إرفاق خطاب الشركة الموكلة حسب طلب سعادتكم"
شركة أبوت رابيد دياغنوستيكس انترناشيونال ليميتد,Abbott Rapid Diagnostics International Limited,ايرلندي,الرياض,وكالة توزيع,قائمة,منتجات الموكل من الأدوات والتجهيزات الطبية الموضحة حسب الجدول رقم (1) المرفق في العقد
شركة ابوت رابيد دي اكس انترناشيونال ليميتد,Abbott Rapid DX International Limited,ايرلندي,الرياض,وكالة توزيع,قائمة,منتجات الموكل من الأدوات والتجهيزات الطبية الموضحة حسب الجدول رقم (1) المرفق في العقد.
سانت جود ميديكال كوردنيشن سنتر بي في بي ايه,St. Jude Medical Coordination Center BVBA,بلجيكي,الرياض,وكالة توزيع,قائمة,منتجات الموكل من الأدوات والتجهيزات الطبية حسب المرفق في العقد
اسكولاب ايه جي,AESCULAP AG,الماني,الرياض,وكالة توزيع,قائمة,منتجات الموكل من الأدوات والمستلزمات الطبية وفق الملحق أ
شركة فاليدا  إس أر إل إس,VALIDA SRLS COMPANY,ايطالي,الرياض,وكالة توزيع,قائمة,منتجات الموكل من الأدوية
شركة نجوين هيو المساهمة,NGUYEN HIEU JSC,فيتناميه,الرياض,وكالة توزيع,قائمة,منتجات الموكل من الأدوية البيطرية
ميدوكيمي ليمتد,MEDOCHEMIE LTD,قبرصيه,الرياض,وكالة توزيع,قائمة,"منتجات الموكل من الأدوية الصيدلانية  موكسيكلاف ، بلوتيس ، باميسيل ، سومليد ، مابرون ، باناجيسيك ، اولفيون ، ميدوغريل ، اميسول ، فيرتيميد ، ديكساميد ، سيفيميد ، توبريزان ، بايسيمين ، ازالونوم ، سوفيمتيل ، سيليميسين ، داليميفين ، داليكس ، جينتاميد ، لينكوميد ،ابيل نيم آي إس يو دي ، لورانز ، تيميلور ، ميلوكس ، روبالين ،اكتبرول ، روكسون ، اونلير ، زيكالور ...  وغيرها حسب المرفق بالعقد"
شركة فيرينج فارماسوتيكالز بى.فى.,Ferrng Pharmaceuticals B.V..,هولندي,الرياض,وكالة توزيع,قائمة,منتجات الموكل من الأدوية حسب القائمة المرفقة مع العقد.
فيرير انترناشونال اس .ايه,FERRER INTERNACIONAL S.A,اسباني,الرياض,وكالة توزيع,قائمة,منتجات الموكل من الأدوية و المستحضرات الطبية
إس بي شينيل سي او . ال تي دي,"SB SHINIL CO., LTD.",كوريه الجنوبيه,الرياض,وكالة توزيع,قائمة,منتجات الموكل من الأدوية والاضافات العلفية البيطرية المدرجة في الملحق رقم (1) المرفق بالعقد.
بوستن بيوفارما المحدودة,Boston Biopharma Limited,مالطيه,الرياض,وكالة توزيع,قائمة,منتجات الموكل من الأدوية والحقن للأمراض السرطانية
أميكور فارمس دكل لميتد,Emcure Pharmaceuticals Limited,هندي,الرياض,وكالة توزيع,قائمة,منتجات الموكل من الأدوية والحقن والأجهزة الطبية
سوميتومو كوربوريشن ميدل ايست,Sumitomo Corporation Middle East,اماراتي,الرياض,وكالة توزيع,قائمة,منتجات الموكل من الأدوية واللقاحات البيطرية والإضافات العلفية
فيترمان فارما اس. آر.ال,Fiterman Pharma SRL,رومانيه,الرياض,وكالة توزيع,قائمة,منتجات الموكل من الأدوية والمستحضرات الطبية
كوريا يونايتد فارم انك,KOREA UNITEDPHARM INC,كوريه الجنوبيه,الرياض,وكالة توزيع,قائمة,منتجات الموكل من الأدوية والمستحضرات الطبية
نيوفيتال هيلث إس.إل,Neovital Health S.L,اسباني,الرياض,وكالة توزيع,قائمة,منتجات الموكل من الأدوية والمستحضرات الطبية
آبيز لابس جي ام بي اتش,ABIES LABS GmbH,نمساوي,الرياض,وكالة توزيع,قائمة,منتجات الموكل من الأدوية والمستحضرات الطبية والعشبية
نويفا دايتيتيكا اس.إل,NUEVA DIETETICA S.L,اسباني,الرياض,وكالة توزيع,قائمة,منتجات الموكل من الأدوية والمستحضرات الطبية والعشبية
تيكنو زوو,TECNOZOO,ايطالي,الرياض,وكالة توزيع,قائمة,منتجات الموكل من الأعلاف و الإضافات العلفية الغير دوائية
يونيتد فارماسيوتيكلز إس أي إس,UNITED PHARMACEUTICALS SAS,فرنسي,الرياض,وكالة توزيع,قائمة,منتجات الموكل من الألبان (نوفالاك) المرفقة بالعقد
مانغباتي اس ايه اس,MANGHEBATI SAS,فرنسي,الرياض,وكالة توزيع,قائمة,منتجات الموكل من الإضافات العلفية
الشفق اندوتسرال كومباني,AL shafaq industrial company,اردني,الرياض,وكالة تجارية,قائمة,منتجات الموكل من الإضافات العلفية الغير دوائية وفق العقد .
الشركة العربية للمستحضرات الطبية ( ارابكو ميد ),Arab Company For Medical Products ( ARABCOMED,مصري,الرياض,وكالة توزيع,قائمة,منتجات الموكل من الإضافات العلفية والأدوية البيطرية
لاكتو للانتاج,Lacto production,فرنسي,الرياض,وكالة توزيع,قائمة,منتجات الموكل من الإضافات العلفية وفق العقد
بيكتون ديكينسون روا جيرماني جي إم بي إتش,Becton Dickinson Rowa Germany GmbH,الماني,الرياض,وكالة توزيع,قائمة,منتجات الموكل من الاجهزة الاوتوماتيكية لصرف الادوية للصيدليات الداخلية والخارجية والبرامج الخاصة بها وقطع غيارها
أوريمتك ليمتد,Orimtech LTD,امريكي,الرياض,وكالة توزيع,قائمة,منتجات الموكل من الاجهزة الطبية
اتش سي بيولوجيكس إل إل سي,HC Biologics LLC,امريكي,الرياض,وكالة توزيع,قائمة,منتجات الموكل من الاجهزة الطبية الطبية (اتش سي بيولوجيكس ألوجرافتس) حسب المرفق بالعقد
بي إس إن ميديكال ( بي تي واي) المحدودة,BSN MEDICAL (PTY) LTD,جنوب افريقيا,الرياض,وكالة توزيع,قائمة,منتجات الموكل من الاجهزة الطبية المرفقة بالعقد.
كرايوفوس ميديكال جي ام بي اتش,CRYOFOS MEDICAL GMBH,الماني,الرياض,وكالة توزيع,قائمة,منتجات الموكل من الاجهزة الطبية طبقا لملحق العقد
كومبومديكس ليمتد,COMPUMEDICS LTD,استرالي,الرياض,وكالة توزيع,قائمة,منتجات الموكل من الاجهزة الطبية طبقا لملحق العقد
ماسيمو انترناشيونال إس ايه ار إل,Masimo International SARL,سويسري,الرياض,وكالة توزيع,قائمة,منتجات الموكل من الاجهزة الطبية طبقا لملحق العقد
بايوديرميز,Biodermis,امريكي,الرياض,وكالة توزيع,قائمة,منتجات الموكل من الاجهزة الطبية والتجميل وفق العقد
تيسجيانج كيندلي للتجهيزات الطبيه,ZHEJIANG KINDLY MEDICAL DEVICES COLTD,الصين الشعبيه,الرياض,وكالة توزيع,قائمة,منتجات الموكل من الاجهزة الطبية وفق العقد
بيكمان كولتر انترناشيونال اس ايه,BECKMAN COULTER INTERNATIONAL S.A,سويسري,الرياض,وكالة توزيع,قائمة,منتجات الموكل من الاجهزة الطبية وفق الملحق ( أ )
أي.ألجيو ليمتد,A. ALGEO LIMITED,بريطاني,الرياض,وكالة توزيع,قائمة,منتجات الموكل من الاجهزة الطبية ومعدات غير طبية المرفقة بالعقد
ال وين ميديكال ديفايسز,ALLWIN MEDICAL DIVICE,امريكي,الرياض,وكالة توزيع,قائمة,منتجات الموكل من الاجهزة الطبيه ( جهاز التنظير وجهاز المسالك البولية )
كليراد,CLERAD,فرنسي,الرياض,وكالة توزيع,قائمة,منتجات الموكل من الاجهزة الطبيه الخاصه بالاشعه
إيواك الطبية,EWAC MEDICAL,هولندي,الرياض,وكالة توزيع,قائمة,منتجات الموكل من الاجهزة و المستلزمات الطبية الخاصة بالمسابح
يوروميدكس اكسبورت جي ام بي اتش,UROMEDEX EXPORT GmbH,الماني,الرياض,وكالة توزيع,قائمة,منتجات الموكل من الاجهزة والادوات الطبية للمسالك البولية
فوشان يونايتد ميديكال تكنولوجيز  إل تي دي,FOSHAN UNITED MEDICAL TECHNOLOGIES LTD,صينيه وطنيه - تايوان,الرياض,وكالة توزيع,قائمة,منتجات الموكل من الاجهزة واللوازم الطبية طبقا لملحق العقد
شركة سايوم ميديتك المحدودة,SAEUM MEDITEC CO. LTD,كوريه الجنوبيه,الرياض,وكالة توزيع,قائمة,منتجات الموكل من الاجهزة والمنتجات الطبية
ميدي سارانج كومباني,Medi Sarang Company,كوريه الجنوبيه,الرياض,وكالة تجارية,قائمة,منتجات الموكل من الاجهزة والمنتجات الطبية
AEGERION PHARMACEUTICALS LIMITED,ايجيريون فارماسوتيكل ليمتد,بريطاني,الرياض,وكالة توزيع,قائمة,منتجات الموكل من الادوية
زامبون اس . بي . أي,ZAMBON S. P . A,ايطالي,الرياض,وكالة توزيع,قائمة,"منتجات الموكل من الادوية ، طبقا لملحق العقد ."
شركة آفا فارما سيو تيكالز ال تي دي,AVVA pharmaceuticals  Ltd,قبرصيه,الرياض,وكالة توزيع,قائمة,منتجات الموكل من الادوية .
استافروبول بايوفاكتوري,Stavropol biofactory,روسيه,الرياض,وكالة توزيع,قائمة,منتجات الموكل من الادوية البيطرية
شركة المهن الطبية,Medical Union Pharmaceuticals co SAE,مصري,الرياض,وكالة توزيع,قائمة,منتجات الموكل من الادوية الصيدلانية حسب نص العقد
كيوا كيرين للخدمات المحدودة,KYOWA KIRIN SERVICES LTD,بريطاني,الرياض,وكالة توزيع,قائمة,منتجات الموكل من الادوية الصيدلانية لعلالج بعض الامراض السرطانية طبقا للعقد
شركة بروفارم ساس,PROVEPHARM SAS.,فرنسي,الرياض,وكالة توزيع,قائمة,منتجات الموكل من الادوية الصيدلانية وفق العقد
أبجون اكسبورت بي في,UPJOHN Export B.V,هولندي,الرياض,وكالة توزيع,قائمة,منتجات الموكل من الادوية الصيدلانية وفق الملحق أ
ساندوز فارماسيوتيكالز دي دي,Sandoz Pharmaceuticals d.d,سلوفنيه,الرياض,وكالة توزيع,قائمة,"منتجات الموكل من الادوية الصيدلانيه ( كورام  ، ايزوميب ، ديكلاك ، راميبريل ، املوهوب ، ليفو فلوكساسين ، بيبر/تازو، ميجون ) وأدوية ايبيوي - Ebwe  وغيرها حسب العقد"
شركة سانتين اس ايه,SANTEN SA,سويسري,الرياض,وكالة توزيع,قائمة,منتجات الموكل من الادوية الطبية وفق العقد
فريزنيوس كابي دويتشلاند جي ام بي اتش,FRESENIUS KABI DEUTSCHLAND GMBH,الماني,الرياض,وكالة توزيع,قائمة,منتجات الموكل من الادوية المنصوص عليها في الملحق رقم 1
فيريتون فارما ليمند,VERITON PHARMA LTD,بريطاني,الرياض,وكالة توزيع,قائمة,"منتجات الموكل من الادوية حسب القائمة المرفقة بالعقد،"
بافاريان نورديك ايه اس,BAVARIAN NORDIC A/S,دنمركيه,الرياض,وكالة توزيع,قائمة,منتجات الموكل من الادوية طبقا لملحق العقد
جين فارم اس . ايه,GENE PHARM S.A,يونانيه,الرياض,وكالة توزيع,قائمة,منتجات الموكل من الادوية طبقا لملحق العقد
كيتوزيم إس إيه,KITOZYME SA,بلجيكي,الرياض,وكالة توزيع,قائمة,منتجات الموكل من الادوية طبقا لملحق العقد
بي تي سي ثيرابيوتكس إنترناشيونال ليمتد,PTC THERAPEUTICS INTERNATIONAL LIMITED,ايرلندي,الرياض,وكالة توزيع,قائمة,"منتجات الموكل من الادوية لعلاج طفرات الجينات ، طبقا للعقد"
بايو جيناسيز باجو اس اي,Biogensis BagoS.A,ارجنتيني,الرياض,وكالة تجارية,قائمة,"منتجات الموكل من الادوية والمستحضرات البيطرية 
"
زويتس بيلجيم اس اي,Zoetis Belgium SA,امريكي,الرياض,وكالة توزيع,قائمة,"منتجات الموكل من الادويه البيطريه

"
لابوراتورز اوفاجيرو اس .ايه,LABORATORIOS OVEJERO S.A,اسباني,الرياض,وكالة توزيع,قائمة,منتجات الموكل من الادويه البيطريه والاضافات العلفيه
شركة اتكوفارما للصناعات الدوائيه,Atco pharma for pharmaceutical industries,مصري,الرياض,وكالة توزيع,قائمة,منتجات الموكل من الادويه البيطريه والاضافات العلفيه غير الدوائيه
شركه كاديلا هلث كير ليميتد,Cadila healthcare limited,هندي,الرياض,وكالة توزيع,قائمة,"منتجات الموكل من الادويه والمستحضرات البيطريه 

"
تيرا بروداكتس اية بي اس,TIERR APRODUCTS APS,دنمركيه,الرياض,وكالة توزيع,قائمة,منتجات الموكل من الاضافات العلفية
سيلتك سي مينيرالز,celticsea minerals,ايرلندي,الرياض,وكالة توزيع,قائمة,منتجات الموكل من الاضافات العلفية
فيتال كونسبت اس اي اس,VITAL CONCEPT S A S,فرنسي,الرياض,وكالة توزيع,قائمة,منتجات الموكل من الاضافات العلفية غير الدوائية
روبافارم انترناشيونال بي . في,ROPAPHARM INTERNATIONAL B.V,هولندي,الرياض,وكالة توزيع,قائمة,"منتجات الموكل من الاضافات العلفية غير الدوائية
"
الباء فارما,ALBA-FARMA,ايطالي,الرياض,وكالة توزيع,قائمة,منتجات الموكل من الاضافات العلفيه غير الدوائيه
غارسيونيز اربى اس اى,creaciones arrpe S.L,اسباني,الرياض,وكالة توزيع,قائمة,منتجات الموكل من الاطعمة والاضافات العلفية والمنتجات الطبية والاكسسوارات  الخاصة بالحيوانات الاليفة
اتش تى فارما إمبورت إكسبورت ليمتد ليابلتى كمبنى,HT PHARMA VETERINARY IMPORT EXPORT LIMITED LIABILITY COMPANY,فيتناميه,الرياض,وكالة توزيع,قائمة,"منتجات الموكل من الاعلاف والاضافات العلفيه
"
ايه بي ميديكال انك,AB Medical INC,كوريه الجنوبيه,الرياض,وكالة تجارية,قائمة,منتجات الموكل من الانابيب الفارغة الخاصة بالدم
اطياب المرشود,ATYAB ALMARSHOUD,كويتي,الرياض,وكالة توزيع,قائمة,منتجات الموكل من البخور والعطورات وادوات التجميل وفق العقد
شركة انتر لينك ايس وايس,Interlink S & S,كوريه الجنوبيه,الرياض,وكالة تجارية,قائمة,منتجات الموكل من البدل و الاحذية العسكرية و البريهات والمعدات الفردية والوقاية من الرصاص وفق العقد
قادر برو انترناشيونال للتجارة ش.م.ح,QADER INTERNATIONAL TRADING FZCO,اماراتي,الرياض,وكالة توزيع,قائمة,منتجات الموكل من التبغ وفق العقد
سيزا برودكشن إس اّر اّي,CISA PRODUCTION SRI,ايطالي,الرياض,وكالة توزيع,قائمة,منتجات الموكل من التجهيزات الطبية وادوات واجهزة التعقيم والتطهير والمواد الكيميائية والمواد الاستهلاكية ومواد الاستعمال لمرة واحدة
شركة بلان المحدودة,,المملكة العربية السعودية,الرياض,وكالة توزيع,قائمة,منتجات الموكل من الثياب الرجالية والقمصان الرجالية والبدل الرجالية وفق العقد
بي بويكو اندري,PE Boiko Andrii,اوكراني,الرياض,وكالة تجارية,قائمة,منتجات الموكل من الحقائب والنظارات والساعات
أي زد انمل بردكس,EZ Animal Products,امريكي,الرياض,وكالة توزيع,قائمة,منتجات الموكل من الحلابات اليدوية والكهربائية المختلفة للماعز والابل والبقر والحصان.
شركة مصنع الجزيرة للدهانات,Al-Jazirah Factory for Paints,المملكة العربية السعودية,الرياض,وكالة امتياز,قائمة,منتجات الموكل من الدهانات
-,-,المملكة العربية السعودية,الرياض,وكالة توزيع,قائمة,منتجات الموكل من الدهانات وخدماتها وفقا للعقد
بوهرينجر إنجلهايم السعودية للتجارة ذ.م.م,BOEHRINGER INGELHEIM SAUDI ARABIA TRADING LLC,المملكة العربية السعودية,الرياض,وكالة توزيع,قائمة,منتجات الموكل من الدوية طبقا لملحق العقد
شركة لانجي اوهرن جي ام بي اتش,Lange Uhren GMBH,الماني,الرياض,وكالة توزيع,قائمة,"منتجات الموكل من الساعات تحت العلامة التجارية  اية  لانجي اند سوهنى 
"
جيلي أوتوموبيل انترناشونال كوربوريشن),Geely Automobile International Corporation,الصين الشعبيه,الرياض,وكالة توزيع,قائمة,منتجات الموكل من السيارات وقطع الغيار وصيانة مابعد البيع .وفق العقد
شركة جي أيه سي العالمية للسيارات المحدودة,GAC MOTOR INTERNATIONAL LIMITED,الصين الشعبيه,الرياض,وكالة توزيع,قائمة,منتجات الموكل من السيارات وقطع غيارها وصيانتها.
( شين شيا كو ليمتد ( يوان رونج ),"SHIH CHIA CO.,LTD (YUAN RONG )",تايوانيه,الرياض,وكالة تجارية,قائمة,منتجات الموكل من الشاهي وفق العقد
جولد بار كومباني ليمتد,gold bar company limited,تايلانديه,الرياض,وكالة تجارية,قائمة,"منتجات الموكل من الصابون, مرطب الجسم, كريم اليدين, زيوت العطرية."
يورور سيرش إس.أر.إل,EURORESEARCH s.r.l.,ايطالي,الرياض,وكالة توزيع,قائمة,منتجات الموكل من الضمادات الحيوية والبخاخات الحيوية وفق الملحق
جونسون أند جونسون ميديكال السعودية المحدوده,JOHNSON & JOHNSON MEDICAL SAUDI ARABIA LIMITED,المملكة العربية السعودية,الرياض,وكالة توزيع,قائمة,منتجات الموكل من الطبية/الصيدلانية وفق الخطاب المرفق
سولوتيكا دستريبيودورا دي برودتكس اوبتيكوس لتدا,SOLOTICA DISTRIBUIDOR DE PRODUTO OPTICOS LTDA,برازيلي,الرياض,وكالة توزيع,قائمة,منتجات الموكل من العدسات اللاصقة وفق العقد
ناتشورال لوكس تريدينج ليمتد,NATURAL LOOKS TRADING LTD,بريطاني,الرياض,وكالة توزيع,قائمة,منتجات الموكل من العطور ومستحضرات التجميل
شركة ار ان جيه أي للتجارة العامة,RNJA GENERAL TRADING L.L.C,اماراتي,الرياض,وكالة تجارية,قائمة,منتجات الموكل من العطور ومشتقاتها ومستلزماتها
"سي سي يو بي اي, كو, ال تي دي","CCUBE CO, LTD",كوريه الجنوبيه,الرياض,وكالة تجارية,قائمة,منتجات الموكل من العوازل الحرارية للسيارات وفق العقد
اوتوسان اس ار ال,otosan srl,ايطالي,الرياض,وكالة توزيع,قائمة,منتجات الموكل من القطرات الطبية الخاصة للأذان والحنجرة وفق العقد
شركة  زونجن شانجزهو الطبية المحدودة,"Changzhou Zhongjin Medical Co., Ltd",الصين الشعبيه,الرياض,وكالة توزيع,قائمة,"منتجات الموكل من الكراسي المتحركة وفق العقد 
"
فوجي فيلم واكو للكيماويات,FUJIFILM WAKO Chemicals,امريكي,الرياض,وكالة توزيع,قائمة,منتجات الموكل من الكواشف الليمولية وتوزيعها
دولفيت فيترينر اسي,Dollvet Veteriner Asi,تركي,الرياض,وكالة توزيع,قائمة,منتجات الموكل من اللقاحات البيطرية
,,المملكة العربية السعودية,الرياض,وكالة توزيع,قائمة,منتجات الموكل من المبيدات الحشرية  دوديم 4 % محبب (% Dudim 4 G (Diflubenzuron 4
سام امريكان إنترناشيونال أي إن سي,SAM AMERICAN INTERNATIONAL INC,امريكي,الرياض,وكالة توزيع,قائمة,منتجات الموكل من المستحضرات البشرية والمكملات الغذائية طبقا للعقد .
كوزموماك اس.ار.ال,COSMOMACK s.r.l.,ايطالي,الرياض,وكالة توزيع,قائمة,منتجات الموكل من المستحضرات التجميلية المدرجة في الملحق رقم (أ) المرفق بالعقد.
"جالنكوم هيلث، إس إل","GALENICUM HEALTH, S.L",اسباني,الرياض,وكالة توزيع,قائمة,منتجات الموكل من المستحضرات الصيدلانية المذكورة بالعقد
سافي فارما,Savvy Pharma,اردني,الرياض,وكالة توزيع,قائمة,منتجات الموكل من المستحضرات الصيدلانية المرفقة بالعقد
مايلان إس.أي إس,MYLAN S.A.S.,فرنسي,الرياض,وكالة توزيع,قائمة,منتجات الموكل من المستحضرات الصيدلانية حسب المرفق بالعقد
"جيه إس سي ""جرينديكس""",JSC “Grindeks”,لاتيفيا,الرياض,وكالة تجارية,قائمة,منتجات الموكل من المستحضرات الصيدلانية حسب المرفق بالعقد  .
كروما فارما جي إم بي اتش,Croma-pharma GmbH,نمساوي,الرياض,وكالة توزيع,قائمة,منتجات الموكل من المستحضرات الصيدلانيه
ديفاجري,DIFAGRI,فرنسي,الرياض,وكالة توزيع,قائمة,منتجات الموكل من المستحضرات والمكملات البيطرية وغذاء الحيوانات
ام دي دي ميديكال ديايس ديفولوبمنت دي ام بي اتش,MDD Medical Device Development GmbH,الماني,الرياض,وكالة توزيع,قائمة,منتجات الموكل من المستلزمات الطبية
شولكا اند ماير  جيس. إم.بي.إتش,Schülke & Mayr Ges.m.b.H,نمساوي,الرياض,وكالة توزيع,قائمة,منتجات الموكل من المستلزمات الطبية
بيكيون ديكينسون بي في السعودية المحدودة,BECTON DICKINSON B V. Saudi Limited,المملكة العربية السعودية,الرياض,وكالة توزيع,قائمة,منتجات الموكل من المستلزمات الطبية (ISD-HDS-IJS)
ليلي مديكال كوربوريشن,LILY MEDICAL CORPORATION,تايوانيه,الرياض,وكالة توزيع,قائمة,منتجات الموكل من المستلزمات الطبية ذات استخدام مرة واحدة
شركة انهوي ميدبوريست ميديكال تكنولوجي,ANHUI MEDPUREST MEDICAL TECHNOLOGY CO.LTD,الصين الشعبيه,الرياض,وكالة تجارية,قائمة,منتجات الموكل من المستلزمات الطبية وفقا لعقد
بايوبلاكس ايطاليا اس.ار.ال,BIOPLAX ITALIA S.R.L,ايطالي,الرياض,وكالة توزيع,قائمة,منتجات الموكل من المستلزمات والأدوات الطبية وفق الملحق أ
ادفانس مديكال ديزاين,Advance Medical Desing,امريكي,الرياض,وكالة توزيع,قائمة,منتجات الموكل من المستهلكات والأغطية الطبية لغرف العمليات
سميثز ميديكال انترناشونال ليمتد,SMITHS MEDICAL INTERNATIONAL LIMITED,بريطاني,الرياض,وكالة توزيع,قائمة,منتجات الموكل من المضخات الوريدية واطقم ووصلات اعطاء المحاليل الوريدية
شركة ضمان للمطهرات الطبية ذ.م.م,DHAMAN MEDICAL DISINFECTANT CO. W.L.L,بحريني,الرياض,وكالة تجارية,قائمة,منتجات الموكل من المطهرات والمعقمات الطبية (وفقًا للملحق 1)
بيرفورمانس ايدج كومباني ال تي دي,Performace Edge Company LTD,غانيه,الرياض,وكالة توزيع,قائمة,منتجات الموكل من المعادن الثمينة والذهب
"فيا أكشوال-كوميرشيو إنترناسونال ، إل دي إيه","Via Actual-Comercio Internacional, Lda",برتغاليه,الرياض,وكالة توزيع,قائمة,منتجات الموكل من المعدات الطبية (كراسي العلاج والكراسي متعددة الأغراض وكراسي النسا والتوليد وكراسي التبرع بالدم وأسرة المستشفيات).
شركة بيور الايف ال ال سي,PURALIFE LLC,امريكي,الرياض,وكالة توزيع,قائمة,منتجات الموكل من المكملات الغذائية
واكحوناجا اوف امريكا كومباني ليمتد,WAKUNAGA OF AMERICA CO LTD,امريكي,الرياض,وكالة توزيع,قائمة,منتجات الموكل من المكملات الغذائية
ميدترشن ميدل ايست إل إل سي,Medtrition Middle East LLC,امريكي,الرياض,وكالة توزيع,قائمة,منتجات الموكل من المكملات الغذائية وأغذية طبية .
فيشور انيمال هيلث,VEESURE ANIMAL HEALTH,هندي,الرياض,وكالة توزيع,قائمة,منتجات الموكل من المكملات الغذائية ومنتجات صحة الحيوان  ونظافة المزارع
شركة كوندي انفرايستروتشيرا إى تيكنولوجيا إيريلي,CONIDE infraestrutura E tecnologia eireli,برازيلي,الرياض,وكالة تجارية,قائمة,منتجات الموكل من الملاجى والسجون المنقلة و صيانتها وفق العقد
نام تين جاي او اتش ان تي ستاك كومبانى,NAM TIEN JOHNT STOCK COMPANY,فيتناميه,الرياض,وكالة توزيع,قائمة,منتجات الموكل من المنتجات البيطريه
أبوت دياغنوستيكس كوريا إنك,"Abbott Diagnostics Korea, Inc.",كوريه الجنوبيه,الرياض,وكالة توزيع,قائمة,منتجات الموكل من المنتجات الجزيئية والتشخيصية وأنظمة التحاليل المخبرية وغيرها وفق الملحق المرفق في العقد.
كييسى فارماسيوتيشى اس .بى .ايه,CHIESI FARMACEUTICI S.P.A,ايطالي,الرياض,وكالة توزيع,قائمة,منتجات الموكل من المنتجات الطبية حسب المرفق بالعقد
رايسرفارما اس.ار.ال,RICERFARMA S.R.L,ايطالي,الرياض,وكالة توزيع,قائمة,منتجات الموكل من المنتجات الطبيه  المستخدمة في علاج التهاب الجيوب الأنفية
رايسرفارما اس.ار.ال,RICERFARMA S.R.L,ايطالي,الرياض,وكالة توزيع,قائمة,منتجات الموكل من المنتجات الطبيه المستخدمة في علاج امراض اللثه
الشركة المتحدة لصناعة الادوية البيطرية المحدودة المسؤولية(يوفيدكو),United Veterinary Drugs Industrial Company Ltd,اردني,الرياض,وكالة توزيع,قائمة,منتجات الموكل من المنتجات والادوية البيطرية واضافات الاعلاف
في بي فاراما كوربوريشن,VB PHARMA CORPORATION,فيتناميه,الرياض,وكالة توزيع,قائمة,منتجات الموكل من المنتجات والادوية البيطرية واضافات الاعلاف
شركة ليريك للتجارة العامة,Lerik for General Trading Co,اردني,الرياض,وكالة توزيع,قائمة,منتجات الموكل من المواد  التجميل والمطهرات ( بخاخ كونان - شامبو كونان - كوزما كريم - كوميب - كوماكس - كوجلايد - كوبلس ) وغيرها حسب المرفق بالعقد
شركة جرش للصناعات الدوائية,Jerash Pharmaceuticals Ltd. Co.,اردني,الرياض,وكالة توزيع,قائمة,منتجات الموكل من المواد التجميل والمطهرات ( شراب جوسبان وديلاموك – مرهم الجيزال باوم - بيتاكال – كيلي شامبو ضد القمل – بخاخ للانف والتنفس – الجيزال كولد – كريم فيكسوديرم ) وغيرها حسب المرفق بالعقد
ويبفانق ثكس اي ام بي اند إي اكس بي كو ليمتد,"WEIFANG THX IMP & EXP CO., LTD",الصين الشعبيه,الرياض,وكالة تجارية,قائمة,منتجات الموكل من المواد الكميائية و الاضافات العلفية وفق العقد
يو اس كي كيميا اي.اس,USK Kimya A.S.,تركي,الرياض,وكالة تجارية,قائمة,منتجات الموكل من المواد الكيميائية المتخصصة لقطاعات النفط والغاز والحفر والتعدين والصناعة والمواد اللاصقة والعازلة والمنظفات
انهوى تيان ران كيميكالز كو ال تي دي,"Anhui Tianrun Chemicals co.,ltd",الصين الشعبيه,الرياض,وكالة تجارية,قائمة,منتجات الموكل من المواد الكيميائية لقطاعات النفط والغاز والحفر ومعالجة المياه والتعدين والصناعة والمواد اللاصقة والعازلة والمنظفات
هاينان دونغ فانغ داهي ستارش بروديوس كو لميتد,"Hainan Dongfang Dahui Starch Products Co., Ltd",الصين الشعبيه,الرياض,وكالة تجارية,قائمة,منتجات الموكل من المواد الكيميائية لقطاعات النفط والغاز والحفر ومعالجة المياه والتعدين والصناعة والمواد اللاصقة والعازلة والمنظفات
امريكان فلاش اي ان سي,American Flash Inc,امريكي,الرياض,وكالة تجارية,قائمة,منتجات الموكل من المواد النظافة والصرف الصحي وفق العقد
سوجو هنجرون إمبورت أند إكسبورت كروب ليمتد,Suzhou Hengrun Import & Export Corp> LTD,الصين الشعبيه,الرياض,وكالة توزيع,قائمة,منتجات الموكل من المواد والمعدات الطبية
"هاربين روبف اندستريال كو, ليمتد",HARBIN ROPV INDUSTRIAL CO. LTD,صينيه وطنيه - تايوان,الرياض,وكالة توزيع,قائمة,منتجات الموكل من اوعية ضغط المياه
بوريتاس برايفت ليمتد,Puritas Private Limited,سيلاني,الرياض,وكالة توزيع,قائمة,منتجات الموكل من تطهير المياه وفق ملحق أ
"شركة قلوبال فيد اس.ال،","GLOBAL FEED, S.L",اسباني,الرياض,وكالة توزيع,قائمة,منتجات الموكل من تغذية الحيوانات
شركة أجرال أس أيه,AGRALE S. A.,برازيلي,الرياض,وكالة تجارية,قائمة,منتجات الموكل من توريد وتوطين تقنية صناعة السيارات العسكرية وقطع الغيار الخاصة بها وصيانتها والتدريب عليها مع الخدمات
آي سينس,i. sens,كوريه الجنوبيه,الرياض,وكالة توزيع,قائمة,"منتجات الموكل من جهاز تحليل عاز الدم وخرطوش ( كارتدريج ) و ضبط النوعية حسب الملحق ( ب )
"
انتليجنت فنجربرنتينج ليمتد,Intelligent Fingerprinting Ltd.,بريطاني,الرياض,وكالة توزيع,قائمة,منتجات الموكل من جهاز ماسح وقارىء مع طابعة ومستلزماته لكشف المخدرات حسب الملاحق المرفقة بالعقد.
الشركة المصرية الدولية للبن,Egyptian International Coffee Company,مصري,الرياض,وكالة توزيع,قائمة,"منتجات الموكل من حبوب القهوة المحمصة، ومنتجات القهوة، وكبسولات القهوة، ومنتجات البن.


"
إيسيتي هايجين أند هيلث أي بي,ESSITY Hygiene and Health AB,سويديه,الرياض,وكالة توزيع,قائمة,"منتجات الموكل من حفاضات الأطفال ومنتجات الرعاية النسائية ومنتجات العناية بسلس البول، وكذلك المناديل الورقية حسب المرفق بالعقد"
"شين بوونج فارما سدكل .سي او , ال تي دي","shin Poong Pharmaceutical .co ,.ltd",كوريه الجنوبيه,الرياض,وكالة تجارية,قائمة,منتجات الموكل من حقن ميد يكورتين وفق العقد
سيلباك ايه جي,CELLPACK AG,سويسري,الرياض,وكالة توزيع,قائمة,منتجات الموكل من ذات فولطية منخفضه وصلات كوابل وملحقات توصيل التقنية والعزل الكهربائي واشرطة التثبيت
جي بي جلوبال ماج,GP GLOBAL MAG  LLC,اماراتي,الرياض,وكالة توزيع,قائمة,"منتجات الموكل من زيوت المحركات بأنواعها ، سوائل تبريد ، شحوم ، زيوت لأنظمة الكوابح ، زيوت تزليق لنواقل السرعة ، زيوت صناعية"
شركة لينتك للهندسة,Linktech Engineering Private ltd,هندي,الرياض,وكالة تجارية,قائمة,منتجات الموكل من سلالم الصرف الصحي
فورد موتور كومبانى - الامريكيه,FORD MOTOR COMPANY,امريكي,الرياض,وكالة توزيع,قائمة,منتجات الموكل من سيارات فورد ( لينكولن ) وصيانتها وقطع غيارها .
بيجو للسيارات,AUTOMOBILES PEUGEOT,فرنسي,الرياض,وكالة توزيع,قائمة,منتجات الموكل من سيارات مختلفة الاحجام وقطع غيارها واكسسواراتها
باركو ان. في,BAROCO N.V,بلجيكي,الرياض,وكالة توزيع,قائمة,منتجات الموكل من شاشات العرض الطبية وقطع غيارها وفق العقد
تشونغدو فارم سي او ال تي دي,Chungdo Pharm co. LTD,كوريه الجنوبيه,الرياض,وكالة تجارية,قائمة,منتجات الموكل من شرائط تحليل البول  ومحلل البول
ويلبور انتيجريتي سوليوشنز ال ال سي,Wellbore Integrity Solutions LLC,امريكي,الرياض,وكالة تجارية,قائمة,منتجات الموكل من صيانة أبار البترول والنفط وفق الجدول 2
بريت ويك ال تي دي,BRIGHTWAKE LTD,بريطاني,الرياض,وكالة تجارية,قائمة,"منتجات الموكل من ضمادات بالعسل , ضمادات عالية الامتصاص , ضمادات اسفنجية , ضمادات بالسيليكون ."
ديهل ميترينج جي ام بي اتش,DIEHL METERING GMBH,الماني,الرياض,وكالة توزيع,قائمة,منتجات الموكل من عدادات قياس المياه و الطاقة الحراريةو الغاز والكهرباء والاجهزة
شركة مصر للاكترونيات المتخصصة ومعدات التدريب,Misr company for Specialized Electronics and Training Equipment,مصري,الرياض,وكالة توزيع,قائمة,منتجات الموكل من عمل مياديين الرماية للاسلحة الصغيرة والمتوسطة المفتوحة والمغلقة
الشركة السعودية للتجارة أيه إس بي,ASP SAUDI TRADING COMPNAY,المملكة العربية السعودية,الرياض,وكالة توزيع,قائمة,منتجات الموكل من غطاء واقي للوجة (فيس شيلد) –  غطاء واقي للاسنان (دينتيست فيس شيلد) – مقبض أداة واقية – نظارات واقية وغيرها وفق العقد
سي جي ار كورنيليو غينساي ريكامباي اس بي ايه,CGR CORNELIO GHINASSI RICAMBI S P A,ايطالي,الرياض,وكالة توزيع,قائمة,منتجات الموكل من قطع غيار المعدات الثقيلة
زوهوشينج ثري دايمنشنال بايب لاين المحدودة,"ZHUCHENG THREE DIMENSIONAL PIPELINE CO, LTD",الصين الشعبيه,الرياض,وكالة توزيع,قائمة,منتجات الموكل من قطع وصلات أنابيب حديد الزهر المرن ( الدكتايل)
فالين كازمسدكالز ال تي دي,FALLIEN COSMECEUTICALS LTD,امريكي,الرياض,وكالة توزيع,قائمة,منتجات الموكل من كريم لحماية البشرة من اشعه الشمس
سيمبيرت انفسمنت آسيا بي تي آي ليمتد,Semperit Investment Asia Pte . Ltd,سنغافوريه,الرياض,وكالة توزيع,قائمة,منتجات الموكل من كفوف الفحص بموديلات مختلفة وفق الملحق ( 1 )
كيرستريم دينتال تكنولوجي توب كو ليمتد,Carestream Dental Technology TopCo Ltd,بريطاني,الرياض,وكالة توزيع,قائمة,"منتجات الموكل من لوازم الأسنان أجهزة ومعدات كيرستريم دينتال للعناية بالفم (بدلاً من الكاميرات وأنظمة لوحات الفوسفور و معدات الأشعة السينية RVGs والمعدات ( ثنائية الأبعاد وثلاثية وسي إي بي إتش )، وأدوتها الأستهلاكية و قطع غيار و الخدمات كيرستريم دينتال و غيرها حسب العقد"
-,-,المملكة العربية السعودية,الرياض,وكالة توزيع,قائمة,منتجات الموكل من مبيد حشري جيوثرين بلص 100 اي سي / يو ال في (Geothrin Plus 100 EC/ULV)
بيور لايف ماينو فاكتشرنق  فلترزاند ار او سستمز,PURE LIFE MANUFACTURING FILTERS & RO SYSTEMS,مصري,الرياض,وكالة توزيع,قائمة,منتجات الموكل من مرشحات خرطوشة ومكونات مرشحات المياه وانظمتها
آر.سي.إم. إس. آر. إل,R.C.M. S.R.L,ايطالي,الرياض,وكالة توزيع,قائمة,منتجات الموكل من مستحضرات التجميل
دوجيوس كوزماتيكس,Dogus Cosmetics,تركي,الرياض,وكالة توزيع,قائمة,منتجات الموكل من مستحضرات التجميل
مرجان انترناشونال كوربريشن,Murjan International Corporation,امريكي,الرياض,وكالة توزيع,قائمة,منتجات الموكل من مستحضرات التجميل
بيوتي سوليوشنز  ال .تي. دي,BEAUTY SOLUTIONS LTD,امريكي,الرياض,وكالة توزيع,قائمة,منتجات الموكل من مستحضرات التجميل والعناية بالبشرة
شركة فينتوني كوسماتيكس المحدوده,VENTONI COSMETICS ”Ltd,بلغاري,الرياض,وكالة تجارية,قائمة,"منتجات الموكل من مستحضرات التجميل والعناية بالبشرة والشعر 
"
دي انجيلو كوزماتكس إس أر أو,"Di Angelo Cosmetics, s.r.o..",تشيكي,الرياض,وكالة توزيع,قائمة,"منتجات الموكل من مستحضرات التجميل وفق العقد.

"
لور دافريك سارل,"L,OR D,AFRIQUE SARL",مغربي,الرياض,وكالة تجارية,قائمة,منتجات الموكل من مستحضرات العناية الشخصية والزيوت الطبيعية .
روتور تيك انك,Rotor Tech Inc,امريكي,الرياض,وكالة توزيع,قائمة,منتجات الموكل من مضخات التروس الدوارة ذات الإزاحة الموجبة
ليوا جي إم بي إتش,Lewa GmbH,الماني,الرياض,وكالة تجارية,قائمة,منتجات الموكل من مضخات القياس ( مضخات المراقبة الحجمية المتبادلة ) ايكودوس واعمال الخدمة وتوريد قطع الغيار .
لانفنج تكنولوجي انك.,lanfeng technology inc,الصين الشعبيه,الرياض,وكالة توزيع,قائمة,منتجات الموكل من مضخات الوقود وقطع غيارها...
زنيت يوروب إس إيه,Zenit Europe SA,لوكسمبرغيه,الرياض,وكالة توزيع,قائمة,منتجات الموكل من مضخات لاستعمالات المياه والصرف الصحي
ديلافال اكسبورت أيه بي,DELAVAL EXPORT AB,سويديه,الرياض,وكالة توزيع,قائمة,منتجات الموكل من معدات المزارع  حلب الحليب - معالجة وتصنيع الحليب - معدات تبريد الحليب وغيرها  وفق العقد
روك تيك انفراء أند ماينينج بي في اي تي ال تي دي,ROCKTEC INFRA AND MINING PVAT LTD,هندي,الرياض,وكالة توزيع,قائمة,"منتجات الموكل من معدات ثقب الصخور ، مستلزمات الثقب مثل المحولات اليدوية والمطرقات ومواسير الحفر وادوات التاسيس ولقم ثلاثية المخاريط وكابحات الصخور والازميل"
شركة ليشفيلد فير اند سيفتي ايكويبمنت ليمتد (لايفكو),lichfield Fire safety Equipment Co LTD,بريطاني,الرياض,وكالة توزيع,قائمة,منتجات الموكل من معدات مكافحة الحريق والسلامة وفق العقد
كليرباك سنغافورة بي تي اي ليمتد,CLEARPACK SINGAPORE PTE LTD,سنغافوريه,الرياض,وكالة توزيع,قائمة,منتجات الموكل من مكائن وفق العقد
شركة نر هادو الدولية للصناعات الدوائية والمغذيات,1,مصري,الرياض,وكالة توزيع,قائمة,"منتجات الموكل من مكملات غذائية عامة وكالسيوم وفتامينات وحديد للعظام وفقر الدم وعلاج ضعف الانتصاب ومضادات للقيء 
"
كنوف راك اف زي اي,KNAUF   RAK FZE,اماراتي,الرياض,وكالة توزيع,قائمة,منتجات الموكل من من الالواح الجبسية المقاومة للحريق والانظمة الخاصة بمقاومة انتشار الحريق
أوديت مايكرو كونترول انك,Audit Microcontrols Inc.,امريكي,الرياض,وكالة توزيع,قائمة,منتجات الموكل من منتجات التحكم بالنوعية مخبرية متنوعة
نابيوتك أس آر أل,NABIOTECH S.R.L,ايطالي,الرياض,وكالة توزيع,قائمة,منتجات الموكل من منتجات تربية الحيوانات والمنتجات البيئية حسب العقد
شركة مصنع الايمان لمواد التجميل والمطهرات,Al Eiman For Cosmetics & Disinfectants Factory,اردني,الرياض,وكالة توزيع,قائمة,"منتجات الموكل من مواد التجميل والمطهرات - جي سايد لتدليك الأيدي ، مطهر إنسايد – كحول بخاخ ، ماكس ، مطهر لتنظيف الجلد – بوفودين – كلوروهيكسيدين ، إنسايد هاي هاي جارد ، غسول فم ، مينتو فيكس جل ، ألترا ساوند جل ... وغيرها حسب المرفق بالعقد"
جيبودوتيكنيك المحدودة,GIPEDOTECHNIKI LTD,يونانيه,الرياض,وكالة تجارية,قائمة,منتجات الموكل من مواد وادوات ارضية للملاعب وفق العقد
كيواوني لابواي آسيا بي تي إي ليمتد,Kewanuee Labway Asia Pte Ltd.,سنغافوريه,الرياض,وكالة تجارية,قائمة,"منتجات الموكل من:
- أثاث المعامل
- كمة الدخان (غطاء الدخان والأبخرة)، وخزائن السلامة البيولوجية، السريان الرقائقي
- دهان الإيبوكس لأسطح العمل بالمعامل
- تركيبات وتجهيزات المعامل
- الملحقات الإضافية بالمعامل
- جميع الأصناف والبنود التي تقدمها شركة كيواوني"
كونيك أوبرشينس المحدودة,Connec Operations Pty Ltd,استرالي,الرياض,وكالة توزيع,قائمة,"منتجات كونيك من قابس للربط, وصلات الربط المتقابلة, قابس الفصل, الغطاء الخارجي, مقبس علبة توصيل الكهرباء, قابس مثبت بالمسامير والبراغي, وصلات قابس مثبت بالمسامير والبراغي , محول مثبت بالبراغي, مقبس علبة توصيل الكهرباء مثبت بالمسامير والبراغي."
تراو تيوترشن هافيد بي في,TROUW NUTRITION HIFEED B.V,هولندي,الرياض,وكالة توزيع,قائمة,منتجات من الاضافات العلفية
ديلاكون بايوتكنيك جي اي سي .ام بي اتش,DELACON BIOTECHNIK GES.M.B.H,نمساوي,الرياض,وكالة توزيع,قائمة,منتجات من الاضافات العلفية
ويلبور انتيجريتي سوليوشنز  م م ح,Wellbore Integrity Solutions FZE,اماراتي,الرياض,وكالة تجارية,قائمة,منتجات موكل من صيانة أبار البترول والنفط وفق الجدول 2
,,المملكة العربية السعودية,الرياض,وكالة تجارية,قائمة,منتجات وخدمات الموكل من تركيب الابواب الخشبية وغرف النوم والديكورات وتجهيز المعارض والمطاعم
دكايا سو كونترول سيستملاري سان,DIKKAYA SU KONTROL SISTEMLERI SAN,تركي,الرياض,وكالة توزيع,قائمة,منجات الموكل من الصمامات وفق العقد
إس اتش سي جينرال تريدينج  إل إل سي,SHC General Trading LLC,اماراتي,الرياض,وكالة توزيع,قائمة,منجات الموكل من المطهرات والمنظفات طبقا لملحق العقد
فيكتور ميديكال إنسترومنتس كو ليمتد,VICTOR MEDICAL INSTRUMENTS CO LTD,صينيه وطنيه - تايوان,الرياض,وكالة توزيع,قائمة,منجات الموكل من المعدات الطبية طبقا لملحق العقد
دي دي فرنشايزنج انترناشونال ليمتد,DD Franchising Int Limited,بريطاني,جده,وكالة امتياز,قائمة,(فتح وتشغيل محلات بيع الأطعمة والمشروبات الساخنة والباردة تحت العلامة التجارية دم دم وفقًا للعقد)
ميدكونسولت ميديكال تكنولوجي أس آر أو,MEDKONSULT medical technology s.r.o.,تشيكي,جده,وكالة توزيع,قائمة,(منتجات الموكل من اجهزة قياس ديناميكية التبول و مقياس جريان البول وفق العقد)
ميديك لتصميم المستشفيات,Medik hospital design gmbh nationality,الماني,جده,وكالة توزيع,قائمة,(منتجات الموكل من التجهيزات الانشائية الخاصة بالمستشفيات وفق العقد)
شركة إل جي للإلكترونيات الخليج,LG ELECTRONICS GULF FZE,كوريه الجنوبيه,جده,وكالة توزيع,قائمة,اتفاقية توزيع منتجات الموكل من الأجهزة الكهربائية والإلكترونية والمنزلية
إس دي بايوسنسور آي إن سي,SD BIOSENSOR INC.,كوريه الجنوبيه,جده,وكالة توزيع,قائمة,الأجهزة والمعدات والمستلزمات الطبية وفق العقد.
شركة لوتس كونتنر لخدمات الشحن,lOTUS CONTAINER SHIPPING SERVICES llc,اماراتي,جده,وكالة تجارية,قائمة,المنتجات حيث يشمل العقد المنتجات اللوجستية و كذلك نقل الحاويات و خدمات الشحن البحري و التفريغ للبضائع و تسليمها و أعمال الخطوط الملاحية المنتظمة.
براند بلاس ماركتنج (م.م.ح),BRAND PLUS MARKETING FZE,اماراتي,جده,وكالة توزيع,قائمة,بيع منتجات المعارض التجارية الواردة في العقد
شركة ميديكا م.م.ح,"Medica FZE,Company",اماراتي,جده,وكالة توزيع,قائمة,بيع منتجات الموكل من أدوات ومستحضرات التجميل وفق العقد
ديملر ايه . جي,DAIMLER AG,الماني,جده,وكالة توزيع,قائمة,بيع منتجات الموكل من سيارات مرسيدس-بنز وقطع غيارها وفق العقد
شركة كلينوفا المحدودة,CLINOVA Ltd,بريطاني,جده,وكالة توزيع,قائمة,بيع وتوزيع منتجات الموكل من الأدوية (أقراص الترطيب  والمشروبات لعلاج الجفاف) وفق العقد.
شركة صادر ليغل بابليشينغ,SADER Legal Publishing,اماراتي,جده,وكالة توزيع,قائمة,تقديم خدمات النشر والبحوث والدراسات وفق العقد.
شركة أوركن للأنظمة ذ.م.م,Orkin Systems LLC,امريكي,جده,وكالة توزيع,قائمة,تقديم خدمات مكافحة الحشرات والافات
زدورفي,ZDOROVYE,اوكراني,جده,وكالة تجارية,قائمة,توريد الادوية البشرية و مستحضرات التجميل والاجهزة الطبية وفق العقد
بوماج ج ام بي اتش,Bomag GMBH,الماني,جده,وكالة توزيع,قائمة,توزيع متجات الموكل من معدات الطرق و المعدات الثقيلة الأخرى وفقا للعقد
ليسوفورم د٫هانز روزمان جي ام بي اتش,Lysoform Dr. Hans Rosemann GMBH,الماني,جده,وكالة توزيع,قائمة,توزيع منتجات الموكل من المعقمات والمطهرات ومستحضرات التجميل وفق العقد
شيجين  كاي تشيانغ تكنولجي كو.ليمتد,"SHENZHEN KEJALI TECHNILOGY CO., LTD.",الصين الشعبيه,جده,وكالة تجارية,قائمة,توزيع منتجات للموكل من الانابيب وفق العقد.
شركة إي إف إس اللوجستية (الهند) الخاصة المحدودة,EFS LOGISTICS (INDIA) PRIVATE LIMITED,هندي,جده,وكالة خدمات,قائمة,خدمات الموكل من النقل البري والجوي والبحري واللوجستية وفق العقد
ايس وورلد انترناشونال بي. في.,Ice World International B.V.,هولندي,جده,وكالة خدمات,قائمة,خدمات الموكل من تصميم وانتاج وتاجير وبيع حلبات التزلج بالمطابقة لما في العقد
,,المملكة العربية السعودية,جده,وكالة امتياز,قائمة,فتح وتشغيل المطاعم تحت العلامه التجارية فلافلكم
انتراكوستكس المحدودة,Interacoustics A/S,دنمركيه,جده,وكالة توزيع,قائمة,منتجات الموكل  مجموعة متنوعة من الاجهزة السمعية وفق للعقد
شركة جي دي اوفرسيز إس إيه,GD Overseas SA,سويسري,جده,وكالة توزيع,قائمة,منتجات الموكل (جراف) من ساعات ومجوهرات وقلادات وحلقان وأساور وخلاخيل وخواتم وأقلام وأزرار الأكمام
أوتودينمكس,Otodynamics,بريطاني,جده,وكالة توزيع,قائمة,منتجات الموكل اجهزة قياس السمع لكبار السن والمواليد وفق للعقد
اروفيروجن تكنولوجي انك,Aerofusion technology llc,امريكي,جده,وكالة تجارية,قائمة,منتجات الموكل الخاصة بالطلاء الحراري ووحدة الرش الحراري وفق العقد
أميتي ليمتد,AMITY LIMITED,بريطاني,جده,وكالة توزيع,قائمة,منتجات الموكل محاليل طبية واجهزة قياس تعقيم
شركة كوفالون تكنولوجيس ليمتد,COVALON TECHNOLOGIES LTD.,كندي,جده,وكالة تجارية,قائمة,منتجات الموكل من  الأجهزة والمعدات الطبية وفق العقد
موكبا تكنولوجيا كو ليمتد,"Mcube Technology Co., Ltd.,",كوريه الجنوبيه,جده,وكالة توزيع,قائمة,"منتجات الموكل من (المعدات أوالمنتجات) الطبية طبقا لما ورد في العقد


"
ماريوف كوربوريشن او واي,MARIOFF CORPORATION OY,فنلنديه,جده,وكالة توزيع,قائمة,منتجات الموكل من أجهزة إطفاء الحرائق والمولدات وأجهزة الكشف عن الحريق وفق العقد
شركة جونوتيك لتكنولوجيا القياس و التحكم,GONOTEC Gesellsehaft  fur Mess- und Regeltechnik mbH,الماني,جده,وكالة توزيع,قائمة,منتجات الموكل من أجهزة قياس التناضح الطبية وفق العقد
شركة ماد لادوات التجميل S.P.C,Madcosmetics Company S.P.C,بحريني,جده,وكالة توزيع,قائمة,منتجات الموكل من أدوات ومستحضرات التجميل  وفق العقد
ريتش سيرجيكال انك,Reach Surgical INC,الصين الشعبيه,جده,وكالة توزيع,قائمة,منتجات الموكل من الأجهزة الطبية
ارجو ميدل ايست اف زد ال ال سي,Arjo Middle East FZ LLC,اماراتي,جده,وكالة توزيع,قائمة,منتجات الموكل من الأجهزة الطبية وأثاث المستشفيات وفقاً للعقد
فيترولايف جي ام بي اتش,Vitrolife Gmbh,الماني,جده,وكالة توزيع,قائمة,منتجات الموكل من الأجهزة والمستلزمات الطبية وفق العقد
تيكوسان اس اية,TEOXANE SA,سويسري,جده,وكالة توزيع,قائمة,منتجات الموكل من الأجهزة والمستلزمات الطبية وفق العقد.
يونيمايكرو ميديكال سيستمز ( شنجن ) كو ليمتد,"UNIMICRO MEDICAL SYSTEMS (SHENZHEN) CO.,LTD",الصين الشعبيه,جده,وكالة توزيع,قائمة,منتجات الموكل من الأجهزة والمعدات والمستلزمات الطبية
شركة كوبر سير جيكل فيرتليتي آند جينوميك سولوشنز,Cooper Sir Jekyll Fertility & Genomic Solutions,دنمركيه,جده,وكالة توزيع,قائمة,منتجات الموكل من الأجهزة والمعدات والمستهلكات والمستلزمات والكواشف المخبرية الطبية
توريد سانيبل أ / اس,Sanibel suppiy A/S,دنمركيه,جده,وكالة توزيع,قائمة,منتجات الموكل من الأدوات السمعية وفق العقد
هانساتون أكوستكس جي إم بي إتش,Hansaton Akustik GmbH,الماني,جده,وكالة توزيع,قائمة,منتجات الموكل من الأدوات السمعية وفق العقد
الشركة الجزائرية الاسبانية العالمية للمنتجات الصيدلانية,Algerian Spanish Pharmaceutical International ASPI,جزائري,جده,وكالة تجارية,قائمة,منتجات الموكل من الأدوية البيطرية و منتجات الاضافات العلفية الغير دوائية
لابوراتوريا بابلو كاسارا اس ار ال,laboratoria pablo cassara s.r.l.,ارجنتيني,جده,وكالة تجارية,قائمة,منتجات الموكل من الأدوية الطبية وفق العقد
ليمتد لايبليتي كومباني (جروتكس),Limited Liability Company (Grotex),روسيه,جده,وكالة توزيع,قائمة,منتجات الموكل من الأدوية و المستحضرات الطبية  وفق العقد
ادويا,ادويا,مصري,جده,وكالة تجارية,قائمة,منتجات الموكل من الادوية البشرية و البيطرية وفق الملحق 1
شركة مستاف لصناعة الأدوية البيطرية وإنتاج الدواجن المحدودة,MISTAV ILAC VE TAVUKCULUK SANAYI TIC,تركي,جده,وكالة توزيع,قائمة,منتجات الموكل من الادوية البيطرية والإضافات العلفية الغير دوائية وفق العقد
شركة أيغيل فيت تيك المحدودة للادوية البيطرية,Eagle Vet Tech Co. Ltd,كوريه الجنوبيه,جده,وكالة تجارية,قائمة,منتجات الموكل من الادوية البيطرية والاضافات العلفية غير الدوائية
بوستن بيوفارما  اي ان سي,Boston Biopharma Inc,امريكي,جده,وكالة تجارية,قائمة,منتجات الموكل من الادوية الطبية وفق العقد
دايوونج فراماسيوتيكل كمبني ال تي دي,DAEWOONG Pharmaceutical CO.ltd,كوريه الجنوبيه,جده,وكالة توزيع,قائمة,منتجات الموكل من الادوية الطبية وفق العقد
كاشيف بيوساينسز  ال ال سي,kashiv biosciences LLC,امريكي,جده,وكالة توزيع,قائمة,منتجات الموكل من الادوية الطبية وفق العقد
امروفيت,amorvet,هندي,جده,وكالة توزيع,قائمة,منتجات الموكل من البخاخات العشبيه
شركة المنارات التقنية,Minerets Technology Co,اردني,جده,وكالة توزيع,قائمة,منتجات الموكل من البرامج والأنظمة الحاسوبية والتراخيص اللازمة و خدماتها وصيانتها وفق العقد
قادر برو انترناشيونال للتجارة ش م ح,Qader Bro International Trading FZ Co.,اماراتي,جده,وكالة توزيع,قائمة,منتجات الموكل من التبغ ومشتقاته
مونتريس تيودور اس ايه,Montres Tudor SA,سويسري,جده,وكالة توزيع,قائمة,منتجات الموكل من الساعات
البيع السعيد للتسويق,BUY HAPPY MARKETING LLP,هندي,جده,وكالة توزيع,قائمة,منتجات الموكل من الشامبو وفق العقد
شركة جيت فريش كوزميتكس ليمتد,GET FRESH COSMETICS LTD,بريطاني,جده,وكالة توزيع,قائمة,منتجات الموكل من الصابون ومستحضرات التجميل وفق العقد
شركة سينتس اس ايه,Scientis sa,سويسري,جده,وكالة توزيع,قائمة,منتجات الموكل من العناية بالبشرة وفق العقد
شركة آي إيه سي اكوستيك المحدودة,LAC Acoustic company UK LTD,بريطاني,جده,وكالة توزيع,قائمة,منتجات الموكل من الكبائن العازلة للصوت المخصصة لأجهزة قياس السمع الطبية
ليوسنس اوفيرسيز كوربوريشن,LEOSONS OVERSEAS CORPORATION,امريكي,جده,وكالة توزيع,قائمة,منتجات الموكل من المستحضرات الطبية والكريمات والفيتامينات حسب العقد
فيرنجت بيروارتفبريكن جي ام بي اتش,VEREINIGTE PAPIERWARENFABRIKEN GMBH,الماني,جده,وكالة توزيع,قائمة,"منتجات الموكل من المستلزمات الطبية من أنظمة الحواجز المعقمة (مواد التغليف / العبوات الشفافة)، والأشرطة اللاصقة، وملحقات الصواني، وملحقات الحاويات، والأكياس الواقية من الغبار، وأغطية حماية الأدوات، والأقلام ذات الرأس النسيجي، وصناديق النقل، وسلال النقل الخاصة بتجهيز المستشفيات وفق العقد"
اي فيرست جروب,Efirst Group sp.z..o.o.s.k,بولندي,جده,وكالة توزيع,قائمة,منتجات الموكل من المنتجات الطبية والعشبية والمكملات الغذائية وأدوات التجميل وفق العقد
كالروز رايس,CALROSE RICE LTD,بلغاري,جده,وكالة تجارية,قائمة,منتجات الموكل من المواد الغذائية والأرز والزيوت والشوكولاتة والحليب المجفف والسائل وفق العقد تحت العلامة التجارية ( صنوايت )
جينيرال ميديكال ميريت,General Medical Merate,ايطالي,جده,وكالة توزيع,قائمة,منتجات الموكل من جميع اجهزة  الاكس راي مع قطع الغيار ذات الصلة وفق العقد
ِشركة هينريتشيس اند هينريتشس اس ايه,Henriques & Henriques SA,برتغاليه,جده,وكالة توزيع,قائمة,"منتجات الموكل من خزانات الارتجاع,أنظمة المطرقة المائية و أوعية الفلاتر المائية  وفق العقد ."
شركة بيرم للتجارة,STE BAYREM TRADING A,تونسي,جده,وكالة توزيع,قائمة,منتجات الموكل من زيت الزيتون وفق العقد
لوكاس أويل بروديكت أي أن سي,LUCAS OIL PRODUCTS INC,امريكي,جده,وكالة توزيع,قائمة,منتجات الموكل من زيوت التشحيم  وفقاً للعقد
نيسان ميديل ايست . اف زد إي,Nissan Middle East FZE,اماراتي,جده,وكالة توزيع,قائمة,منتجات الموكل من سيارات انفينيتي وقطع غيارها وصيانتها .
شركة جيروم هيدرو جي ام بي اتش,GERUM hydro GMPH,الماني,جده,وكالة توزيع,قائمة,"منتجات الموكل من كافة أنواع المعالجة الابتدائية لمحطات الصرف الصحي والصفايات الميكانيكية والصفابات الدقيقة والكبيرة لمياه الصرف الصحي ,الهوايات السطحية و معدات تجفيف الماء من الحمأة ."
سوزهو هينكسيانج امبورت آند اكسبورت كو ليمتد,"Suzhou Henxiang Import and Export Co., Ltd.",الصين الشعبيه,جده,وكالة توزيع,قائمة,منتجات الموكل من مجموعة فرش تنظيف الأجهزة الطبية وفق العقد
هيبوكرات تيبي مالزيميلر إيملات في بازارللاما ايه اس,HIPOKRAT Tbbi mlzemeler Imalat ve Pazar lama A.S,تركي,جده,وكالة تجارية,قائمة,منتجات الموكل من مسامير وشرائح للعظام ذات استخدام مرة واحدة وفق العقد
نورال ديس تيكاريت ليمتد سيركتي,Nural DIŞ TiCARET LTD.ŞTi,تركي,جده,وكالة توزيع,قائمة,منتجات الموكل من مستحضرات التجميل والعناية بالبشرة و Sheida حسب العقد.
راثي ترانس بور  برايفت ليمتد,Rathi TRANSPOWER PRIVATE LIMITED,هندي,جده,وكالة توزيع,قائمة,منتجات الموكل من معدات نقل الطاقة الميكانيكية والقارنات المرنه
أرفاند سويس جي ام بي اتش,Arvand swiss gmbh,سويسري,جده,وكالة توزيع,قائمة,منتجات الموكل مواد تعقيم وفق العقد
كومبانيا اولي ايكولا سيجلو اكس اكس اي,compania oleicola siglo xxi,اسباني,جده,وكالة امتياز,قائمة,وكالة الشركة في جميع منتجاتها التجميلية و الغذائية
